-- ================================================
-- BACKUP BASE DE DATOS: bd_pda
-- Fecha: 2025-07-13 13:41:31
-- ================================================

SET FOREIGN_KEY_CHECKS = 0;

-- Estructura de tabla para `asignaciones_operarios`
DROP TABLE IF EXISTS `asignaciones_operarios`;
CREATE TABLE `asignaciones_operarios` (
  `idasignacion` int(11) NOT NULL AUTO_INCREMENT,
  `idlote` int(11) NOT NULL,
  `idempleado` int(11) NOT NULL,
  `tipo_tarea` enum('CLASIFICACION','EMPAQUE') NOT NULL,
  `turno` enum('MAÑANA','TARDE','NOCHE') DEFAULT 'MAÑANA',
  `estatus_asignacion` enum('ASIGNADO','EN_PROCESO','COMPLETADO','AUSENTE') DEFAULT 'ASIGNADO',
  `observaciones` text DEFAULT NULL,
  `fecha_asignacion` datetime DEFAULT current_timestamp(),
  PRIMARY KEY (`idasignacion`),
  UNIQUE KEY `unique_operario_lote` (`idlote`,`idempleado`),
  KEY `fk_asignaciones_empleado` (`idempleado`),
  KEY `idx_asignaciones_lote_tipo` (`idlote`,`tipo_tarea`),
  CONSTRAINT `fk_asignaciones_empleado` FOREIGN KEY (`idempleado`) REFERENCES `empleado` (`idempleado`) ON UPDATE CASCADE,
  CONSTRAINT `fk_asignaciones_lote` FOREIGN KEY (`idlote`) REFERENCES `lotes_produccion` (`idlote`) ON DELETE CASCADE ON UPDATE CASCADE
) ENGINE=InnoDB AUTO_INCREMENT=2 DEFAULT CHARSET=utf8mb4 COLLATE=utf8mb4_general_ci;

-- Volcado de datos para la tabla `asignaciones_operarios`
LOCK TABLES `asignaciones_operarios` WRITE;
INSERT INTO `asignaciones_operarios` (`idasignacion`, `idlote`, `idempleado`, `tipo_tarea`, `turno`, `estatus_asignacion`, `observaciones`, `fecha_asignacion`) VALUES ('1', '1', '4', 'CLASIFICACION', 'MAÑANA', 'ASIGNADO', '', '2025-07-03 01:29:55');
UNLOCK TABLES;

-- Estructura de tabla para `categoria`
DROP TABLE IF EXISTS `categoria`;
CREATE TABLE `categoria` (
  `idcategoria` int(11) NOT NULL AUTO_INCREMENT,
  `nombre` varchar(100) NOT NULL,
  `descripcion` text DEFAULT NULL,
  `estatus` enum('activo','inactivo') DEFAULT 'activo',
  `fecha_creacion` datetime DEFAULT current_timestamp(),
  `ultima_modificacion` datetime DEFAULT current_timestamp() ON UPDATE current_timestamp(),
  PRIMARY KEY (`idcategoria`)
) ENGINE=InnoDB AUTO_INCREMENT=4 DEFAULT CHARSET=utf8mb4 COLLATE=utf8mb4_general_ci;

-- Volcado de datos para la tabla `categoria`
LOCK TABLES `categoria` WRITE;
INSERT INTO `categoria` (`idcategoria`, `nombre`, `descripcion`, `estatus`, `fecha_creacion`, `ultima_modificacion`) VALUES ('1', 'Pacas', 'Producto Final', 'activo', '2025-04-22 16:38:09', '2025-06-11 18:56:29'),
('2', 'Materiales', 'Materiales que se compran para reciclar', 'activo', '2025-04-22 16:39:56', '2025-04-22 16:39:56'),
('3', 'Consumibles', 'Productos que se usan en produccion', 'activo', '2025-05-05 18:20:24', '2025-06-11 18:56:10');
UNLOCK TABLES;

-- Estructura de tabla para `cliente`
DROP TABLE IF EXISTS `cliente`;
CREATE TABLE `cliente` (
  `idcliente` int(11) NOT NULL AUTO_INCREMENT,
  `cedula` varchar(12) NOT NULL,
  `nombre` varchar(50) NOT NULL,
  `apellido` varchar(50) NOT NULL,
  `direccion` text NOT NULL,
  `estatus` enum('activo','inactivo') NOT NULL DEFAULT 'activo',
  `telefono_principal` varchar(25) NOT NULL,
  `observaciones` text DEFAULT NULL,
  `fecha_creacion` datetime DEFAULT current_timestamp(),
  `ultima_modificacion` datetime DEFAULT current_timestamp() ON UPDATE current_timestamp(),
  `fecha_eliminacion` datetime DEFAULT NULL,
  PRIMARY KEY (`idcliente`),
  UNIQUE KEY `cedula` (`cedula`),
  KEY `idx_cliente_nombre` (`nombre`,`apellido`)
) ENGINE=InnoDB AUTO_INCREMENT=54 DEFAULT CHARSET=utf8mb4 COLLATE=utf8mb4_general_ci COMMENT='Información de clientes';

-- Volcado de datos para la tabla `cliente`
LOCK TABLES `cliente` WRITE;
INSERT INTO `cliente` (`idcliente`, `cedula`, `nombre`, `apellido`, `direccion`, `estatus`, `telefono_principal`, `observaciones`, `fecha_creacion`, `ultima_modificacion`, `fecha_eliminacion`) VALUES ('1', '28493511', 'Richard', 'Gil', 'Caldera', 'inactivo', '04245327065', 'nuevo', '2025-05-29 12:42:43', '2025-05-29 12:42:43', NULL),
('7', '28493512', 'Richard', 'Gil', 'Caldera', 'inactivo', '04245327065', 'nuevo', '2025-05-29 12:42:43', '2025-05-29 12:42:43', NULL),
('11', 'dsrerwrew343', '324', '', '', 'inactivo', '', '', '2025-05-29 12:42:43', '2025-05-29 12:42:43', NULL),
('12', 'V-28493511', 'Richard ', 'Gil', 'Caldera', 'inactivo', '0424532706', '', '2025-05-29 12:42:43', '2025-06-01 13:26:52', NULL),
('13', 'asdasdas', '', '', '', 'inactivo', '', '', '2025-05-29 12:42:43', '2025-05-29 12:42:43', NULL),
('14', 'werwerwe', '', '', '', 'inactivo', '', '', '2025-05-29 12:42:43', '2025-05-29 12:42:43', NULL),
('16', 'V-28493512', '', '', '', 'inactivo', '', '', '2025-05-29 12:42:43', '2025-05-29 12:42:43', NULL),
('19', 'V-28493515', 'sadasdsadsad', 'dfgdrdtrd', 'gfhfh', 'inactivo', '04245327065', 'jgghjghj', '2025-05-29 12:42:43', '2025-05-29 12:42:43', NULL),
('20', 'V-28493519', 'Richard', 'Gil', 'sadsadasd', 'inactivo', '04245327065', 'sadsadsad', '2025-05-29 12:42:43', '2025-05-29 12:42:43', NULL),
('21', 'V-28281449', 'Richard', 'fsddsfsdf', 'sdfsdfsdf', 'inactivo', '04245327065', '', '2025-05-29 12:42:43', '2025-06-01 13:28:53', NULL),
('22', 'V-28281447', 'Richard', 'Gilpoi', 'Caldera', 'activo', '04245327065', '', '2025-05-29 12:42:43', '2025-05-29 12:42:43', NULL),
('25', 'V-28281487', 'Richard', 'Gilpoi', 'Caldera', 'activo', '04245327065', '', '2025-05-29 12:42:43', '2025-05-29 12:42:43', NULL),
('26', 'V-29436820', 'alejandro', 'perez', 'barquisimeto', 'activo', '04120574452', 'sdasadsad', '2025-05-29 12:42:43', '2025-05-29 12:42:43', NULL),
('28', 'V-29436826', 'luisana', 'soto torres', 'barquisimeto', 'activo', '04120574452', 'dsadsad', '2025-05-29 12:42:43', '2025-05-29 12:42:43', NULL),
('31', 'V-10973375', 'luz marina', 'mujica', 'barquisimeto', 'activo', '04120574452', 'asdasdsa', '2025-05-29 12:42:43', '2025-05-29 12:42:43', NULL),
('32', 'V 11431873', 'Richard', 'Gilllllll', 'Caldera', 'activo', '04245327065', 'aeqwqw', '2025-05-29 12:42:43', '2025-06-19 20:59:37', NULL),
('34', 'V-11431871', 'Richard', 'Gilllllll', 'Caldera', 'inactivo', '04245327065', 'aeqwqw', '2025-05-29 12:42:43', '2025-06-17 22:02:06', '2025-06-17 22:02:06'),
('35', 'V-28281445', 'alejanddro', 'peressss', 'Caldera', 'activo', '04245327065', 'fsdfsdf', '2025-05-28 23:24:28', '2025-05-29 12:42:43', NULL),
('36', 'V-28432422', 'Richard', 'Gil Mujica', 'Caldera', 'inactivo', '04245327065', 'nuevo ', '2025-05-29 12:57:08', '2025-06-08 14:55:52', NULL),
('37', 'V-11431874', 'Richard Alberto', 'lopez', 'Caldera', 'inactivo', '04245327065', 'Nuevo', '2025-05-29 13:01:35', '2025-05-29 13:01:43', NULL),
('48', 'V-1143184', 'Richard Alberto', 'lopez', 'Caldera', 'inactivo', '04245327065', 'Nuevo', '2025-06-01 13:26:22', '2025-06-04 20:32:19', NULL),
('49', 'V 28493565', 'Richard', 'Gil', 'URB rafael caldera 2da etapa', 'inactivo', '04245327065', '', '2025-06-19 20:53:20', '2025-06-19 20:59:42', '2025-06-19 20:59:42');
UNLOCK TABLES;

-- Estructura de tabla para `compra`
DROP TABLE IF EXISTS `compra`;
CREATE TABLE `compra` (
  `idcompra` int(11) NOT NULL AUTO_INCREMENT,
  `nro_compra` varchar(25) NOT NULL,
  `fecha` date NOT NULL,
  `idproveedor` int(11) NOT NULL,
  `idmoneda_general` int(11) NOT NULL,
  `subtotal_general` decimal(15,2) DEFAULT 0.00,
  `descuento_porcentaje_general` decimal(5,2) DEFAULT 0.00,
  `monto_descuento_general` decimal(15,2) DEFAULT 0.00,
  `total_general` decimal(15,2) DEFAULT 0.00,
  `balance` decimal(15,2) NOT NULL,
  `estatus_compra` varchar(20) DEFAULT 'Pendiente',
  `observaciones_compra` text DEFAULT NULL,
  `fecha_creacion` timestamp NOT NULL DEFAULT current_timestamp(),
  `fecha_modificacion` timestamp NOT NULL DEFAULT current_timestamp() ON UPDATE current_timestamp(),
  PRIMARY KEY (`idcompra`),
  UNIQUE KEY `nro_compra` (`nro_compra`),
  KEY `fk_compras_proveedor` (`idproveedor`),
  KEY `fk_compras_moneda_general` (`idmoneda_general`),
  CONSTRAINT `fk_compras_moneda_general` FOREIGN KEY (`idmoneda_general`) REFERENCES `monedas` (`idmoneda`) ON UPDATE CASCADE,
  CONSTRAINT `fk_compras_proveedor` FOREIGN KEY (`idproveedor`) REFERENCES `proveedor` (`idproveedor`) ON UPDATE CASCADE
) ENGINE=InnoDB AUTO_INCREMENT=103 DEFAULT CHARSET=utf8mb4 COLLATE=utf8mb4_general_ci;

-- Volcado de datos para la tabla `compra`
LOCK TABLES `compra` WRITE;
INSERT INTO `compra` (`idcompra`, `nro_compra`, `fecha`, `idproveedor`, `idmoneda_general`, `subtotal_general`, `descuento_porcentaje_general`, `monto_descuento_general`, `total_general`, `balance`, `estatus_compra`, `observaciones_compra`, `fecha_creacion`, `fecha_modificacion`) VALUES ('83', 'C-2025-00001', '2025-06-11', '60', '3', '11037.40', '0.00', '0.00', '11037.40', '0.00', 'PAGADA', 'nada', '2025-06-11 21:09:01', '2025-06-11 22:11:33'),
('84', 'C-2025-00002', '2025-06-11', '52', '3', '5017.00', '0.00', '0.00', '5017.00', '0.00', 'PAGADA', 'nadaaa', '2025-06-11 21:17:40', '2025-06-11 22:04:38'),
('85', 'C-2025-00003', '2025-06-12', '21', '3', '36122.40', '0.00', '0.00', '36122.40', '0.00', 'BORRADOR', 'hola', '2025-06-12 10:34:57', '2025-06-12 10:34:57'),
('86', 'C-2025-00004', '2025-06-12', '21', '3', '405.00', '0.00', '0.00', '405.00', '0.00', 'BORRADOR', 'nada', '2025-06-12 10:56:09', '2025-06-12 10:56:09'),
('87', 'C-2025-00005', '2025-06-12', '60', '3', '4515.30', '0.00', '0.00', '4515.30', '0.00', 'BORRADOR', 'LISTA', '2025-06-12 10:58:16', '2025-06-12 10:59:01'),
('88', 'C-2025-00006', '2025-06-12', '21', '3', '130.00', '0.00', '0.00', '130.00', '0.00', 'BORRADOR', 'NADA', '2025-06-12 11:06:17', '2025-06-21 14:16:14'),
('89', 'C-2025-00007', '2025-06-12', '77', '3', '12391.99', '0.00', '0.00', '12391.99', '0.99', 'PAGADA', 'FALTA TARA', '2025-06-12 11:11:00', '2025-07-07 21:56:18'),
('90', 'C-2025-00008', '2025-06-12', '58', '3', '55187.00', '0.00', '0.00', '55187.00', '0.00', 'PAGADA', 'aa', '2025-06-12 11:44:09', '2025-06-14 19:18:18'),
('91', 'C-2025-00009', '2025-06-13', '52', '3', '40.00', '0.00', '0.00', '40.00', '0.00', 'PAGADA', 'nadaa', '2025-06-13 19:45:38', '2025-07-08 00:01:49'),
('92', 'C-2025-00010', '2025-06-13', '52', '3', '40.00', '0.00', '0.00', '40.00', '0.00', 'PAGADA', 'nadaa', '2025-06-13 19:53:59', '2025-06-13 19:59:50'),
('93', 'C-2025-00011', '2025-06-13', '52', '3', '10.00', '0.00', '0.00', '10.00', '0.00', 'PAGADA', 'nadaa', '2025-06-13 20:49:03', '2025-06-13 20:50:30'),
('94', 'C-2025-00012', '2025-06-20', '58', '3', '21600.00', '0.00', '0.00', '21600.00', '0.00', 'AUTORIZADA', 'materiales con contaminante ', '2025-06-20 09:05:40', '2025-06-20 09:06:05'),
('95', 'C-2025-00013', '2025-06-20', '58', '3', '24000.00', '0.00', '0.00', '24000.00', '0.00', 'AUTORIZADA', 'nada', '2025-06-20 09:14:50', '2025-06-20 09:16:27'),
('96', 'C-2025-00014', '2025-06-20', '58', '3', '24000.00', '0.00', '0.00', '24000.00', '0.00', 'PAGADA', 'nada', '2025-06-20 09:22:04', '2025-07-07 22:12:51'),
('97', 'C-2025-00015', '2025-07-03', '52', '3', '548.85', '0.00', '0.00', '548.85', '548.85', 'POR_PAGAR', 'nada', '2025-07-03 13:18:07', '2025-07-03 13:22:30'),
('98', 'C-2025-00016', '2025-07-03', '58', '3', '167957.98', '0.00', '0.00', '167957.98', '167957.98', 'BORRADOR', 'pago', '2025-07-03 13:35:25', '2025-07-03 13:35:25'),
('99', 'C-2025-00017', '2025-07-03', '58', '3', '1530.00', '0.00', '0.00', '1530.00', '0.00', 'PAGADA', 'Nada', '2025-07-03 13:36:43', '2025-07-03 14:02:41'),
('100', 'C-2025-00018', '2025-07-03', '58', '3', '69155.10', '0.00', '0.00', '69155.10', '0.00', 'PAGADA', 'pagoo', '2025-07-03 16:55:19', '2025-07-03 16:56:48'),
('101', 'C-2025-00019', '2025-07-05', '58', '3', '1305.00', '0.00', '0.00', '1305.00', '1305.00', 'BORRADOR', 'Pago', '2025-07-05 19:22:28', '2025-07-05 19:22:28'),
('102', 'C-2025-00020', '2025-07-05', '58', '3', '648.00', '0.00', '0.00', '648.00', '648.00', 'POR_PAGAR', 'Nada', '2025-07-05 19:26:28', '2025-07-12 12:46:44');
UNLOCK TABLES;

-- Estructura de tabla para `configuracion_produccion`
DROP TABLE IF EXISTS `configuracion_produccion`;
CREATE TABLE `configuracion_produccion` (
  `id` int(11) NOT NULL AUTO_INCREMENT,
  `productividad_clasificacion` decimal(8,2) NOT NULL DEFAULT 150.00 COMMENT 'kg/operario/día',
  `capacidad_maxima_planta` int(11) NOT NULL DEFAULT 50 COMMENT 'Número máximo de operarios',
  `salario_base` decimal(10,2) NOT NULL DEFAULT 30.00 COMMENT 'Salario base diario',
  `beta_clasificacion` decimal(6,4) NOT NULL DEFAULT 0.2500 COMMENT 'Bono por kg clasificado ($/kg)',
  `gamma_empaque` decimal(8,2) NOT NULL DEFAULT 5.00 COMMENT 'Bono por paca empacada ($/paca)',
  `umbral_error_maximo` decimal(5,2) NOT NULL DEFAULT 5.00 COMMENT 'Porcentaje máximo de error',
  `peso_minimo_paca` decimal(8,2) NOT NULL DEFAULT 25.00 COMMENT 'Peso mínimo paca (kg)',
  `peso_maximo_paca` decimal(8,2) NOT NULL DEFAULT 35.00 COMMENT 'Peso máximo paca (kg)',
  `estatus` enum('activo','inactivo') DEFAULT 'activo',
  `fecha_creacion` datetime DEFAULT current_timestamp(),
  `ultima_modificacion` datetime DEFAULT current_timestamp() ON UPDATE current_timestamp(),
  PRIMARY KEY (`id`)
) ENGINE=InnoDB AUTO_INCREMENT=2 DEFAULT CHARSET=utf8mb4 COLLATE=utf8mb4_general_ci;

-- Volcado de datos para la tabla `configuracion_produccion`
LOCK TABLES `configuracion_produccion` WRITE;
INSERT INTO `configuracion_produccion` (`id`, `productividad_clasificacion`, `capacidad_maxima_planta`, `salario_base`, `beta_clasificacion`, `gamma_empaque`, `umbral_error_maximo`, `peso_minimo_paca`, `peso_maximo_paca`, `estatus`, `fecha_creacion`, `ultima_modificacion`) VALUES ('1', '150.00', '50', '30.00', '0.2500', '5.00', '5.00', '25.00', '35.00', 'activo', '2025-07-03 01:28:59', '2025-07-03 01:28:59');
UNLOCK TABLES;

-- Estructura de tabla para `costos_produccion`
DROP TABLE IF EXISTS `costos_produccion`;
CREATE TABLE `costos_produccion` (
  `idcostoproduccion` int(11) NOT NULL AUTO_INCREMENT,
  `idcosto` int(11) NOT NULL,
  `fecha` date NOT NULL,
  `nombre` varchar(50) NOT NULL,
  `descripcion` varchar(200) NOT NULL,
  `fecha_creacion` datetime NOT NULL DEFAULT current_timestamp(),
  `ultima_modificacion` datetime NOT NULL DEFAULT current_timestamp() ON UPDATE current_timestamp(),
  PRIMARY KEY (`idcostoproduccion`),
  KEY `idcosto` (`idcosto`)
) ENGINE=InnoDB DEFAULT CHARSET=utf8mb4 COLLATE=utf8mb4_general_ci COMMENT='Costos asociados a la producción';

-- Estructura de tabla para `detalle_compra`
DROP TABLE IF EXISTS `detalle_compra`;
CREATE TABLE `detalle_compra` (
  `iddetalle_compra` int(11) NOT NULL AUTO_INCREMENT,
  `idcompra` int(11) NOT NULL,
  `idproducto` int(11) NOT NULL,
  `descripcion_temporal_producto` varchar(255) DEFAULT NULL,
  `cantidad` decimal(10,2) NOT NULL,
  `descuento` varchar(35) DEFAULT NULL,
  `precio_unitario_compra` decimal(12,2) NOT NULL,
  `idmoneda_detalle` int(11) NOT NULL,
  `subtotal_linea` decimal(15,2) NOT NULL,
  `peso_vehiculo` decimal(10,2) DEFAULT NULL,
  `peso_bruto` decimal(10,2) DEFAULT NULL,
  `peso_neto` decimal(10,2) DEFAULT NULL,
  PRIMARY KEY (`iddetalle_compra`),
  KEY `fk_detalle_compras_compra` (`idcompra`),
  KEY `fk_detalle_compras_producto` (`idproducto`),
  KEY `fk_detalle_compras_moneda_detalle` (`idmoneda_detalle`)
) ENGINE=InnoDB AUTO_INCREMENT=144 DEFAULT CHARSET=utf8mb4 COLLATE=utf8mb4_general_ci;

-- Volcado de datos para la tabla `detalle_compra`
LOCK TABLES `detalle_compra` WRITE;
INSERT INTO `detalle_compra` (`iddetalle_compra`, `idcompra`, `idproducto`, `descripcion_temporal_producto`, `cantidad`, `descuento`, `precio_unitario_compra`, `idmoneda_detalle`, `subtotal_linea`, `peso_vehiculo`, `peso_bruto`, `peso_neto`) VALUES ('114', '84', '7', 'Carton por Clasificar', '10.00', '0', '5.00', '1', '50.00', '70.00', '80.00', '10.00'),
('115', '83', '1', 'Archivo', '1.00', '0', '5.00', '1', '5.00', NULL, NULL, NULL),
('116', '83', '7', 'Carton por Clasificar', '20.00', '0', '5.00', '1', '100.00', '80.00', '100.00', '20.00'),
('117', '83', '5', 'Mecate', '1.00', '0', '5.00', '1', '5.00', NULL, NULL, NULL),
('118', '85', '7', 'Carton por Clasificar', '80.00', '10', '5.00', '1', '360.00', '0.00', '80.00', '80.00'),
('119', '86', '1', 'Archivo', '1.00', '0', '5.00', '1', '5.00', NULL, NULL, NULL),
('120', '86', '7', 'Carton por Clasificar', '80.00', '0', '5.00', '1', '400.00', '0.00', '80.00', '80.00'),
('122', '87', '7', 'Carton por Clasificar', '10.00', '10', '5.00', '1', '45.00', '70.00', '80.00', '10.00'),
('128', '89', '8', 'Archivo por Clasificar', '950.00', '0', '0.13', '1', '123.50', '4870.00', '5820.00', '950.00'),
('129', '90', '7', 'Carton por Clasificar', '110.00', '0', '5.00', '1', '550.00', '0.00', '110.00', '110.00'),
('130', '91', '5', 'Mecate', '8.00', '0', '5.00', '1', '40.00', NULL, NULL, NULL),
('131', '92', '5', 'Mecate', '8.00', '0', '5.00', '1', '40.00', NULL, NULL, NULL),
('132', '93', '9', 'Alambre', '10.00', '0', '1.00', '1', '10.00', NULL, NULL, NULL),
('133', '94', '10', 'Carpetas', '240.00', '10', '100.00', '0', '21600.00', '200.00', '440.00', '240.00'),
('134', '95', '10', 'Carpetas', '240.00', '0', '100.00', '0', '24000.00', '200.00', '440.00', '240.00'),
('135', '96', '10', 'Carpetas', '240.00', '0', '100.00', '0', '24000.00', '200.00', '440.00', '240.00'),
('136', '88', '7', 'Carton por Clasificar', '20.00', '0', '5.00', '1', '100.00', '60.00', '80.00', '20.00'),
('137', '88', '8', 'Archivo por Clasificar', '10.00', '0', '3.00', '1', '30.00', '70.00', '80.00', '10.00'),
('138', '97', '1', 'Archivo', '1.00', '0', '5.00', '1', '5.00', NULL, NULL, NULL),
('139', '98', '7', 'Carton por Clasificar', '340.02', '10', '5.00', '1', '1530.09', '99.98', '440.00', '340.02'),
('140', '99', '7', 'Carton por Clasificar', '340.00', '10', '5.00', '1', '1530.00', '100.00', '440.00', '340.00'),
('141', '100', '7', 'Carton por Clasificar', '140.00', '10', '5.00', '1', '630.00', '300.00', '440.00', '140.00'),
('142', '101', '7', 'Carton por Clasificar', '290.00', '10', '5.00', '1', '1305.00', '150.00', '440.00', '290.00'),
('143', '102', '8', 'Archivo por Clasificar', '240.00', '10', '3.00', '1', '648.00', '200.00', '440.00', '240.00');
UNLOCK TABLES;

-- Estructura de tabla para `detalle_venta`
DROP TABLE IF EXISTS `detalle_venta`;
CREATE TABLE `detalle_venta` (
  `iddetalle_venta` int(11) NOT NULL AUTO_INCREMENT,
  `idventa` int(11) NOT NULL,
  `idproducto` int(11) NOT NULL,
  `cantidad` decimal(10,2) NOT NULL,
  `precio_unitario_venta` decimal(15,2) NOT NULL,
  `idmoneda` int(11) NOT NULL,
  `subtotal_general` decimal(15,2) NOT NULL,
  `peso_vehiculo` decimal(10,2) DEFAULT 0.00,
  `peso_bruto` decimal(10,2) DEFAULT 0.00,
  `peso_neto` decimal(10,2) DEFAULT 0.00,
  PRIMARY KEY (`iddetalle_venta`),
  KEY `idproducto` (`idproducto`),
  KEY `idmoneda` (`idmoneda`),
  KEY `idventa` (`idventa`),
  CONSTRAINT `detalle_venta_ibfk_3` FOREIGN KEY (`idmoneda`) REFERENCES `monedas` (`idmoneda`) ON UPDATE CASCADE,
  CONSTRAINT `detalle_venta_ibfk_4` FOREIGN KEY (`idventa`) REFERENCES `venta` (`idventa`) ON DELETE CASCADE ON UPDATE CASCADE,
  CONSTRAINT `fk_detalle_venta_producto` FOREIGN KEY (`idproducto`) REFERENCES `producto` (`idproducto`) ON DELETE CASCADE ON UPDATE CASCADE
) ENGINE=InnoDB AUTO_INCREMENT=24 DEFAULT CHARSET=utf8mb4 COLLATE=utf8mb4_general_ci;

-- Volcado de datos para la tabla `detalle_venta`
LOCK TABLES `detalle_venta` WRITE;
INSERT INTO `detalle_venta` (`iddetalle_venta`, `idventa`, `idproducto`, `cantidad`, `precio_unitario_venta`, `idmoneda`, `subtotal_general`, `peso_vehiculo`, `peso_bruto`, `peso_neto`) VALUES ('1', '8', '1', '1.00', '5.00', '1', '5.00', '0.00', '0.00', '0.00'),
('2', '13', '1', '1.00', '5.00', '1', '5.00', '0.00', '0.00', '0.00'),
('3', '15', '1', '1.00', '5.00', '1', '5.00', '0.00', '0.00', '0.00'),
('4', '16', '1', '1.00', '5.00', '1', '5.00', '0.00', '0.00', '0.00'),
('5', '17', '4', '6.00', '2.00', '1', '12.00', '0.00', '0.00', '0.00'),
('6', '18', '1', '1.00', '5.00', '1', '5.00', '0.00', '0.00', '0.00'),
('7', '19', '1', '1.00', '5.00', '1', '5.00', '0.00', '0.00', '0.00'),
('8', '20', '1', '1.00', '5.00', '1', '5.00', '0.00', '0.00', '0.00'),
('9', '21', '1', '1.00', '5.00', '1', '5.00', '0.00', '0.00', '0.00'),
('10', '22', '1', '1.00', '5.00', '1', '5.00', '0.00', '0.00', '0.00'),
('11', '28', '1', '1.00', '5.00', '1', '5.00', '0.00', '0.00', '0.00'),
('12', '30', '1', '1.00', '5.00', '1', '5.00', '0.00', '0.00', '0.00'),
('13', '31', '1', '22.00', '5.00', '3', '110.00', '0.00', '0.00', '0.00'),
('14', '32', '4', '2.00', '2.00', '1', '4.00', '0.00', '0.00', '0.00'),
('15', '33', '4', '5.00', '2.00', '1', '10.00', '0.00', '0.00', '0.00'),
('16', '34', '1', '1.00', '5.00', '3', '5.00', '0.00', '0.00', '0.00'),
('17', '35', '1', '10000000.00', '544.90', '3', '5449000000.00', '0.00', '0.00', '0.00'),
('18', '36', '1', '1.00', '557.10', '3', '557.10', '0.00', '0.00', '0.00'),
('19', '37', '1', '1.00', '557.10', '3', '557.10', '0.00', '0.00', '0.00'),
('20', '38', '1', '1.00', '557.10', '3', '557.10', '0.00', '0.00', '0.00'),
('21', '39', '1', '1.00', '557.10', '3', '557.10', '0.00', '0.00', '0.00'),
('22', '40', '1', '1.00', '557.10', '3', '557.10', '0.00', '0.00', '0.00'),
('23', '41', '1', '1.00', '557.10', '3', '557.10', '0.00', '0.00', '0.00');
UNLOCK TABLES;

-- Estructura de tabla para `empleado`
DROP TABLE IF EXISTS `empleado`;
CREATE TABLE `empleado` (
  `idempleado` int(11) NOT NULL AUTO_INCREMENT,
  `nombre` varchar(100) DEFAULT NULL,
  `apellido` varchar(100) DEFAULT NULL,
  `identificacion` varchar(50) DEFAULT NULL,
  `fecha_nacimiento` date DEFAULT NULL,
  `direccion` text DEFAULT NULL,
  `correo_electronico` varchar(100) DEFAULT NULL,
  `estatus` enum('Activo','Inactivo') DEFAULT 'Activo',
  `telefono_principal` varchar(20) DEFAULT NULL,
  `observaciones` text DEFAULT NULL,
  `genero` enum('Masculino','Femenino','Otro') DEFAULT NULL,
  `fecha_creacion` timestamp NOT NULL DEFAULT current_timestamp(),
  `fecha_modificacion` timestamp NOT NULL DEFAULT current_timestamp() ON UPDATE current_timestamp(),
  `fecha_inicio` date DEFAULT NULL,
  `fecha_fin` date DEFAULT NULL,
  `puesto` varchar(100) DEFAULT NULL,
  `salario` decimal(10,2) DEFAULT NULL,
  PRIMARY KEY (`idempleado`),
  UNIQUE KEY `identificacion` (`identificacion`),
  UNIQUE KEY `correo_electronico` (`correo_electronico`)
) ENGINE=InnoDB AUTO_INCREMENT=5 DEFAULT CHARSET=utf8mb4 COLLATE=utf8mb4_general_ci COMMENT='Información de empleados';

-- Volcado de datos para la tabla `empleado`
LOCK TABLES `empleado` WRITE;
INSERT INTO `empleado` (`idempleado`, `nombre`, `apellido`, `identificacion`, `fecha_nacimiento`, `direccion`, `correo_electronico`, `estatus`, `telefono_principal`, `observaciones`, `genero`, `fecha_creacion`, `fecha_modificacion`, `fecha_inicio`, `fecha_fin`, `puesto`, `salario`) VALUES ('1', 'hdgdf', 'arguinzones', '1321312312', '2025-05-16', 'Caldera', 'gilalejandro926@gmail.com', 'Inactivo', '04245327065', '', '', '2025-05-16 09:08:30', '2025-05-16 09:17:40', '2025-05-16', '2025-05-16', 'hola', '20.00'),
('4', 'yorman', 'arguinzones', '323534534534', '2025-05-16', 'Caldera', 'yormita@gmail.com', 'Activo', '04245327065', 'hgjgjh', 'Masculino', '2025-05-16 09:10:36', '2025-05-16 21:11:05', '2025-05-16', '2025-05-16', 'hola', '21.00');
UNLOCK TABLES;

-- Estructura de tabla para `historial_romana`
DROP TABLE IF EXISTS `historial_romana`;
CREATE TABLE `historial_romana` (
  `idromana` int(10) NOT NULL AUTO_INCREMENT,
  `peso` varchar(255) NOT NULL,
  `fecha` varchar(50) NOT NULL,
  `estatus` enum('activo','inactivo') DEFAULT 'activo',
  `fecha_creacion` datetime NOT NULL DEFAULT current_timestamp(),
  PRIMARY KEY (`idromana`)
) ENGINE=InnoDB AUTO_INCREMENT=12 DEFAULT CHARSET=utf8mb4 COLLATE=utf8mb4_general_ci COMMENT='Historial de pesajes de romana';

-- Volcado de datos para la tabla `historial_romana`
LOCK TABLES `historial_romana` WRITE;
INSERT INTO `historial_romana` (`idromana`, `peso`, `fecha`, `estatus`, `fecha_creacion`) VALUES ('1', '100', '2025-05-11 07:06:42', 'activo', '2025-05-11 07:06:42'),
('2', '80', '11/05/2025', 'activo', '2025-05-13 22:19:32'),
('3', '440', '2025-06-13 01:54:26', 'activo', '2025-06-12 21:54:26'),
('4', '440', '2025-06-13 11:32:03', 'activo', '2025-06-13 07:32:04'),
('5', '440', '2025-06-13 11:32:10', 'activo', '2025-06-13 07:32:10'),
('6', '440', '2025-06-13 11:34:12', 'activo', '2025-06-13 07:34:12'),
('7', '440', '2025-06-13 11:34:14', 'activo', '2025-06-13 07:34:14'),
('8', '440', '2025-06-13 11:37:45', 'activo', '2025-06-13 07:37:45'),
('9', '440', '2025-06-13 11:40:58', 'activo', '2025-06-13 07:40:58'),
('10', '440', '2025-06-13 11:41:05', 'activo', '2025-06-13 07:41:05'),
('11', '440', '2025-06-13 11:44:27', 'activo', '2025-06-13 07:44:27');
UNLOCK TABLES;

-- Estructura de tabla para `historial_tasas_bcv`
DROP TABLE IF EXISTS `historial_tasas_bcv`;
CREATE TABLE `historial_tasas_bcv` (
  `id` int(11) NOT NULL AUTO_INCREMENT,
  `codigo_moneda` varchar(3) NOT NULL,
  `tasa_a_bs` decimal(15,4) NOT NULL,
  `fecha_publicacion_bcv` date NOT NULL,
  `fecha_creacion` timestamp NOT NULL DEFAULT current_timestamp(),
  PRIMARY KEY (`id`),
  UNIQUE KEY `idx_moneda_fecha_bcv` (`codigo_moneda`,`fecha_publicacion_bcv`),
  KEY `idx_historial_tasas_fecha` (`fecha_publicacion_bcv`),
  CONSTRAINT `fk_historial_tasas_monedas` FOREIGN KEY (`codigo_moneda`) REFERENCES `monedas` (`codigo_moneda`) ON DELETE CASCADE ON UPDATE CASCADE
) ENGINE=InnoDB AUTO_INCREMENT=29 DEFAULT CHARSET=utf8mb4 COLLATE=utf8mb4_general_ci COMMENT='Historial de tasas de cambio del BCV';

-- Volcado de datos para la tabla `historial_tasas_bcv`
LOCK TABLES `historial_tasas_bcv` WRITE;
INSERT INTO `historial_tasas_bcv` (`id`, `codigo_moneda`, `tasa_a_bs`, `fecha_publicacion_bcv`, `fecha_creacion`) VALUES ('5', 'USD', '93.0500', '2025-05-10', '2025-05-10 18:48:04'),
('6', 'EUR', '104.8000', '2025-05-10', '2025-05-10 18:48:05'),
('7', 'USD', '94.3200', '2025-05-15', '2025-05-15 23:07:11'),
('8', 'EUR', '105.5300', '2025-05-15', '2025-05-15 23:07:12'),
('9', 'USD', '94.7600', '2025-05-16', '2025-05-16 22:12:05'),
('10', 'EUR', '105.6400', '2025-05-16', '2025-05-16 22:12:06'),
('11', 'USD', '95.0800', '2025-05-25', '2025-05-26 02:53:26'),
('12', 'EUR', '107.8000', '2025-05-25', '2025-05-26 02:53:26'),
('13', 'USD', '95.8100', '2025-05-28', '2025-05-28 11:50:38'),
('14', 'EUR', '108.5800', '2025-05-28', '2025-05-28 11:50:39'),
('15', 'USD', '96.5300', '2025-05-29', '2025-05-29 15:17:40'),
('16', 'EUR', '109.0800', '2025-05-29', '2025-05-29 15:17:41'),
('17', 'USD', '99.0900', '2025-06-08', '2025-06-08 00:13:47'),
('18', 'EUR', '112.8700', '2025-06-08', '2025-06-08 00:13:48'),
('19', 'USD', '101.0800', '2025-06-13', '2025-06-13 07:31:26'),
('20', 'EUR', '117.0800', '2025-06-13', '2025-06-13 07:31:27'),
('21', 'USD', '104.5400', '2025-06-20', '2025-06-20 09:04:28'),
('22', 'EUR', '120.0000', '2025-06-20', '2025-06-20 09:04:30'),
('23', 'USD', '108.9800', '2025-07-01', '2025-07-01 22:32:02'),
('24', 'EUR', '128.3100', '2025-07-01', '2025-07-01 22:32:03'),
('25', 'USD', '109.7700', '2025-07-03', '2025-07-03 13:17:43'),
('26', 'EUR', '129.2000', '2025-07-03', '2025-07-03 13:17:44'),
('27', 'USD', '111.4200', '2025-07-05', '2025-07-05 19:21:43'),
('28', 'EUR', '131.2400', '2025-07-05', '2025-07-05 19:21:44');
UNLOCK TABLES;

-- Estructura de tabla para `lotes_produccion`
DROP TABLE IF EXISTS `lotes_produccion`;
CREATE TABLE `lotes_produccion` (
  `idlote` int(11) NOT NULL AUTO_INCREMENT,
  `numero_lote` varchar(50) NOT NULL,
  `fecha_jornada` date NOT NULL,
  `volumen_estimado` decimal(10,2) NOT NULL COMMENT 'kg estimados para el día',
  `operarios_requeridos` int(11) NOT NULL COMMENT 'N_total calculado',
  `operarios_asignados` int(11) DEFAULT 0,
  `idsupervisor` int(11) NOT NULL,
  `estatus_lote` enum('PLANIFICADO','EN_PROCESO','FINALIZADO','CANCELADO') DEFAULT 'PLANIFICADO',
  `observaciones` text DEFAULT NULL,
  `fecha_inicio_real` datetime DEFAULT NULL,
  `fecha_fin_real` datetime DEFAULT NULL,
  `fecha_creacion` datetime DEFAULT current_timestamp(),
  `ultima_modificacion` datetime DEFAULT current_timestamp() ON UPDATE current_timestamp(),
  PRIMARY KEY (`idlote`),
  UNIQUE KEY `numero_lote` (`numero_lote`),
  KEY `fk_lotes_supervisor` (`idsupervisor`),
  KEY `idx_fecha_jornada` (`fecha_jornada`),
  KEY `idx_lotes_fecha_estatus` (`fecha_jornada`,`estatus_lote`),
  CONSTRAINT `fk_lotes_supervisor` FOREIGN KEY (`idsupervisor`) REFERENCES `empleado` (`idempleado`) ON UPDATE CASCADE
) ENGINE=InnoDB AUTO_INCREMENT=3 DEFAULT CHARSET=utf8mb4 COLLATE=utf8mb4_general_ci;

-- Volcado de datos para la tabla `lotes_produccion`
LOCK TABLES `lotes_produccion` WRITE;
INSERT INTO `lotes_produccion` (`idlote`, `numero_lote`, `fecha_jornada`, `volumen_estimado`, `operarios_requeridos`, `operarios_asignados`, `idsupervisor`, `estatus_lote`, `observaciones`, `fecha_inicio_real`, `fecha_fin_real`, `fecha_creacion`, `ultima_modificacion`) VALUES ('1', 'LOTE-20250703-001', '2025-07-03', '100.00', '1', '1', '4', 'FINALIZADO', '', '2025-07-03 01:29:59', '2025-07-03 01:38:44', '2025-07-03 01:29:43', '2025-07-03 01:38:44'),
('2', 'LOTE-20250703-002', '2025-07-03', '2500.00', '17', '0', '4', 'EN_PROCESO', 'Nada', '2025-07-03 14:51:30', NULL, '2025-07-03 12:00:35', '2025-07-03 14:51:30');
UNLOCK TABLES;

-- Estructura de tabla para `monedas`
DROP TABLE IF EXISTS `monedas`;
CREATE TABLE `monedas` (
  `idmoneda` int(11) NOT NULL AUTO_INCREMENT,
  `codigo_moneda` varchar(3) NOT NULL,
  `nombre_moneda` varchar(50) DEFAULT NULL,
  `valor` decimal(15,4) DEFAULT 0.0000,
  `estatus` enum('activo','inactivo') DEFAULT 'activo',
  `fecha_creacion` timestamp NOT NULL DEFAULT current_timestamp(),
  `ultima_modificacion` timestamp NOT NULL DEFAULT current_timestamp() ON UPDATE current_timestamp(),
  PRIMARY KEY (`idmoneda`),
  UNIQUE KEY `codigo_moneda` (`codigo_moneda`)
) ENGINE=InnoDB AUTO_INCREMENT=4 DEFAULT CHARSET=utf8mb4 COLLATE=utf8mb4_general_ci COMMENT='Catálogo de monedas del sistema';

-- Volcado de datos para la tabla `monedas`
LOCK TABLES `monedas` WRITE;
INSERT INTO `monedas` (`idmoneda`, `codigo_moneda`, `nombre_moneda`, `valor`, `estatus`, `fecha_creacion`, `ultima_modificacion`) VALUES ('1', 'USD', 'Dólar Estadounidense', '111.4200', 'activo', '2025-05-10 12:00:15', '2025-07-05 19:21:43'),
('2', 'EUR', 'Euro', '131.2400', 'activo', '2025-05-10 12:00:15', '2025-07-05 19:21:44'),
('3', 'VES', 'Bolívar Venezolano', '1.0000', 'activo', '2025-05-12 08:33:54', '2025-05-12 08:33:54');
UNLOCK TABLES;

-- Estructura de tabla para `movimientos_existencia`
DROP TABLE IF EXISTS `movimientos_existencia`;
CREATE TABLE `movimientos_existencia` (
  `idmovimiento` int(11) NOT NULL AUTO_INCREMENT,
  `numero_movimiento` varchar(50) DEFAULT NULL,
  `idproducto` int(11) NOT NULL,
  `idtipomovimiento` int(11) NOT NULL,
  `idcompra` int(11) DEFAULT NULL,
  `idventa` int(11) DEFAULT NULL,
  `idproduccion` int(11) DEFAULT NULL,
  `cantidad_entrada` float DEFAULT NULL,
  `cantidad_salida` float DEFAULT NULL,
  `stock_anterior` float DEFAULT 0,
  `stock_resultante` float DEFAULT 0,
  `observaciones` text DEFAULT NULL,
  `fecha_creacion` datetime DEFAULT current_timestamp(),
  `fecha_modificacion` datetime DEFAULT current_timestamp() ON UPDATE current_timestamp(),
  `total` float NOT NULL,
  `estatus` enum('activo','inactivo','eliminado') NOT NULL DEFAULT 'activo',
  PRIMARY KEY (`idmovimiento`),
  UNIQUE KEY `numero_movimiento` (`numero_movimiento`),
  KEY `idmaterial` (`idproducto`),
  KEY `idtipomovimiento` (`idtipomovimiento`),
  KEY `idproduccion` (`idproduccion`),
  CONSTRAINT `movimientos_existencia_ibfk_1` FOREIGN KEY (`idtipomovimiento`) REFERENCES `tipo_movimiento` (`idtipomovimiento`)
) ENGINE=InnoDB AUTO_INCREMENT=16 DEFAULT CHARSET=utf8mb4 COLLATE=utf8mb4_general_ci;

-- Volcado de datos para la tabla `movimientos_existencia`
LOCK TABLES `movimientos_existencia` WRITE;
INSERT INTO `movimientos_existencia` (`idmovimiento`, `numero_movimiento`, `idproducto`, `idtipomovimiento`, `idcompra`, `idventa`, `idproduccion`, `cantidad_entrada`, `cantidad_salida`, `stock_anterior`, `stock_resultante`, `observaciones`, `fecha_creacion`, `fecha_modificacion`, `total`, `estatus`) VALUES ('1', 'MOV-20250619-0001', '1', '1', NULL, '1', '1', NULL, '10', '0', '500', NULL, '2025-06-19 22:55:37', '2025-06-19 22:55:37', '500', 'activo'),
('8', 'MOV-20250619-0008', '7', '2', '84', NULL, NULL, '10', NULL, '0', '10', NULL, '2025-06-19 22:55:37', '2025-06-19 22:55:37', '10', 'activo'),
('9', 'MOV-EMP-20250703013835-4', '7', '4', NULL, NULL, NULL, NULL, '25', '0', '0', 'Empaque - Peso: 25kg, Calidad: ESTANDAR, Operario: 4, Lote: 1', '2025-07-03 01:38:35', '2025-07-03 01:38:35', '0', 'activo'),
('12', 'MOV-20250703140241-7-140', '7', '2', '99', NULL, NULL, '340', '0', '225', '565', 'Entrada por compra #99 - Detalle #140', '2025-07-03 14:02:41', '2025-07-03 14:02:41', '565', 'activo'),
('13', 'MOV-20250703165648-7-141', '7', '2', '100', NULL, NULL, '140', '0', '565', '705', 'Entrada por compra #100 - Detalle #141', '2025-07-03 16:56:48', '2025-07-03 16:56:48', '705', 'activo'),
('14', 'MOV-20250707215618-8-128', '8', '2', '89', NULL, NULL, '950', '0', '0', '950', 'Entrada por compra #89 - Detalle #128', '2025-07-07 21:56:18', '2025-07-07 21:56:18', '950', 'activo'),
('15', 'MOV-20250707221251-10-135', '10', '2', '96', NULL, NULL, '240', '0', '0', '240', 'Entrada por compra #96 - Detalle #135', '2025-07-07 22:12:51', '2025-07-07 22:12:51', '240', 'activo');
UNLOCK TABLES;

-- Estructura de tabla para `pagos`
DROP TABLE IF EXISTS `pagos`;
CREATE TABLE `pagos` (
  `idpago` int(11) NOT NULL AUTO_INCREMENT,
  `idpersona` int(11) DEFAULT NULL,
  `idtipo_pago` int(11) NOT NULL,
  `idventa` int(11) DEFAULT NULL,
  `idcompra` int(11) DEFAULT NULL,
  `idsueldotemp` int(11) DEFAULT NULL,
  `monto` decimal(10,2) NOT NULL,
  `referencia` varchar(100) DEFAULT NULL,
  `fecha_pago` date NOT NULL,
  `observaciones` text DEFAULT NULL,
  `estatus` enum('activo','inactivo','conciliado') DEFAULT 'activo',
  `fecha_creacion` datetime DEFAULT current_timestamp(),
  `ultima_modificacion` datetime DEFAULT current_timestamp() ON UPDATE current_timestamp(),
  PRIMARY KEY (`idpago`),
  KEY `fk_pagos_venta` (`idventa`),
  KEY `pagos_ibfk_4` (`idtipo_pago`),
  KEY `pagos_ibfk_5` (`idpersona`),
  CONSTRAINT `fk_pagos_venta` FOREIGN KEY (`idventa`) REFERENCES `venta` (`idventa`) ON DELETE SET NULL ON UPDATE CASCADE,
  CONSTRAINT `pagos_ibfk_4` FOREIGN KEY (`idtipo_pago`) REFERENCES `tipos_pagos` (`idtipo_pago`) ON UPDATE CASCADE,
  CONSTRAINT `pagos_ibfk_5` FOREIGN KEY (`idpersona`) REFERENCES `personas` (`idpersona`) ON UPDATE CASCADE
) ENGINE=InnoDB AUTO_INCREMENT=35 DEFAULT CHARSET=utf8mb4 COLLATE=utf8mb4_general_ci COMMENT='Registro de pagos realizados';

-- Volcado de datos para la tabla `pagos`
LOCK TABLES `pagos` WRITE;
INSERT INTO `pagos` (`idpago`, `idpersona`, `idtipo_pago`, `idventa`, `idcompra`, `idsueldotemp`, `monto`, `referencia`, `fecha_pago`, `observaciones`, `estatus`, `fecha_creacion`, `ultima_modificacion`) VALUES ('3', NULL, '1', NULL, '93', NULL, '100.00', '1234', '2025-06-14', NULL, 'inactivo', '2025-06-14 12:31:31', '2025-06-14 13:43:55'),
('9', NULL, '1', NULL, '84', NULL, '5017.00', '1234', '2025-06-14', 'nada', 'conciliado', '2025-06-14 13:06:29', '2025-06-14 16:38:13'),
('10', NULL, '1', NULL, '89', NULL, '12391.00', '4431435', '2025-06-14', 'nadaa', 'conciliado', '2025-06-14 13:14:00', '2025-07-07 21:56:18'),
('11', NULL, '2', '17', NULL, NULL, '11.00', '5425', '2025-06-14', 'pago', 'conciliado', '2025-06-14 13:44:23', '2025-06-14 17:05:43'),
('12', NULL, '2', NULL, NULL, NULL, '10.00', '100', '2025-06-14', 'nadaa', 'conciliado', '2025-06-14 13:45:17', '2025-06-14 16:38:26'),
('13', NULL, '1', NULL, '92', NULL, '40.00', '565632', '2025-06-14', 'nada', 'inactivo', '2025-06-14 14:21:51', '2025-06-14 14:24:14'),
('14', NULL, '1', NULL, '91', NULL, '40.00', '7777', '2025-06-14', 'nadaa', 'inactivo', '2025-06-14 14:24:33', '2025-06-14 15:09:02'),
('15', NULL, '1', NULL, '91', NULL, '30.00', '5524252', '2025-06-14', 'nadaa', 'conciliado', '2025-06-14 17:58:49', '2025-06-14 18:22:30'),
('16', NULL, '1', NULL, '91', NULL, '10.00', '55425255242', '2025-06-14', 'nadaaaa', 'conciliado', '2025-06-14 18:33:56', '2025-07-08 00:01:49'),
('17', NULL, '1', NULL, '90', NULL, '50000.00', '5654443', '2025-06-14', 'pago', 'conciliado', '2025-06-14 18:41:55', '2025-06-14 19:11:45'),
('18', NULL, '1', NULL, '90', NULL, '187.00', '112233', '2025-06-14', 'nadaa', 'conciliado', '2025-06-14 19:16:49', '2025-06-14 19:17:15'),
('19', NULL, '1', NULL, '90', NULL, '5000.00', '7766543', '2025-06-14', 'nadaa', 'conciliado', '2025-06-14 19:18:12', '2025-06-14 19:18:18'),
('22', '43', '1', NULL, '96', NULL, '24000.00', '232132321', '2025-07-03', 'pagoaa', 'conciliado', '2025-06-20 09:34:43', '2025-07-07 22:12:51'),
('23', '43', '1', NULL, '99', NULL, '1530.00', '11122', '2025-07-03', 'pago', 'conciliado', '2025-07-03 13:47:44', '2025-07-03 14:02:41'),
('24', '43', '1', NULL, '100', NULL, '69155.10', '988664', '2025-07-03', 'pago', 'conciliado', '2025-07-03 16:56:37', '2025-07-03 16:56:48'),
('25', NULL, '1', '36', NULL, NULL, '545.96', '988664', '2025-07-07', 'Pago completo', 'conciliado', '2025-07-07 21:57:05', '2025-07-07 22:12:09'),
('26', NULL, '3', '33', NULL, NULL, '9.90', 'N/A', '2025-07-08', 'Pago', 'conciliado', '2025-07-07 22:11:55', '2025-07-07 22:12:13'),
('27', NULL, '5', '30', NULL, NULL, '4.99', 'NA', '2025-07-08', 'NA', 'conciliado', '2025-07-07 22:14:16', '2025-07-07 22:14:47'),
('28', NULL, '2', '22', NULL, NULL, '5.00', 'na', '2025-07-08', 'na', 'conciliado', '2025-07-07 22:15:24', '2025-07-07 22:26:44'),
('29', NULL, '5', '21', NULL, NULL, '4.99', 'na', '2025-07-08', 'na', 'conciliado', '2025-07-07 22:18:04', '2025-07-07 22:18:21'),
('30', NULL, '2', '20', NULL, NULL, '4.00', 'na', '2025-07-08', 'pago de 3 bs faltantes 1bs', 'conciliado', '2025-07-07 22:19:30', '2025-07-07 22:26:31'),
('31', NULL, '5', '37', NULL, NULL, '500.00', 'na', '2025-07-08', 'na', 'conciliado', '2025-07-07 22:34:36', '2025-07-07 22:34:56'),
('32', NULL, '4', '39', NULL, NULL, '500.00', 'na', '2025-07-08', 'na', 'activo', '2025-07-07 22:40:38', '2025-07-07 22:40:38'),
('33', NULL, '2', '41', NULL, NULL, '500.00', 'nn', '2025-07-08', 'nn', 'activo', '2025-07-07 22:54:20', '2025-07-07 22:54:20'),
('34', NULL, '1', '41', NULL, NULL, '557.10', '988664', '2025-07-12', 'pago', 'conciliado', '2025-07-12 12:56:17', '2025-07-12 22:33:29');
UNLOCK TABLES;

-- Estructura de tabla para `personas`
DROP TABLE IF EXISTS `personas`;
CREATE TABLE `personas` (
  `idpersona` int(11) NOT NULL AUTO_INCREMENT,
  `nombre` varchar(100) NOT NULL,
  `apellido` varchar(100) NOT NULL,
  `identificacion` varchar(30) NOT NULL,
  `genero` enum('masculino','femenino','otro') DEFAULT NULL,
  `fecha_nacimiento` date DEFAULT NULL,
  `correo_electronico` varchar(100) DEFAULT NULL,
  `direccion` text DEFAULT NULL,
  `observaciones` text DEFAULT NULL,
  `estatus` enum('activo','inactivo') DEFAULT 'activo',
  `fecha_creacion` datetime NOT NULL DEFAULT current_timestamp(),
  `fecha_modificacion` datetime NOT NULL DEFAULT current_timestamp() ON UPDATE current_timestamp(),
  `telefono_principal` varchar(25) NOT NULL,
  PRIMARY KEY (`idpersona`)
) ENGINE=InnoDB AUTO_INCREMENT=44 DEFAULT CHARSET=utf8mb4 COLLATE=utf8mb4_general_ci COMMENT='Registro general de personas';

-- Volcado de datos para la tabla `personas`
LOCK TABLES `personas` WRITE;
INSERT INTO `personas` (`idpersona`, `nombre`, `apellido`, `identificacion`, `genero`, `fecha_nacimiento`, `correo_electronico`, `direccion`, `observaciones`, `estatus`, `fecha_creacion`, `fecha_modificacion`, `telefono_principal`) VALUES ('1', 'maria valentina', 'pineda barroeta', '29624053', 'femenino', '2001-09-20', 'mariapinedabarroeta@gmail.com', 'barquisimeto', 'nada', 'activo', '2025-05-24 12:20:06', '2025-05-27 15:30:50', '04120574452'),
('43', 'Richard', 'Gil', '28493511', 'femenino', '2025-05-27', 'ale@gmail.com', 'Caldera', 'nada', 'activo', '2025-05-27 15:33:08', '2025-05-27 15:33:08', '04245327065');
UNLOCK TABLES;

-- Estructura de tabla para `producto`
DROP TABLE IF EXISTS `producto`;
CREATE TABLE `producto` (
  `idproducto` int(11) NOT NULL AUTO_INCREMENT,
  `nombre` varchar(100) NOT NULL,
  `descripcion` text DEFAULT NULL,
  `unidad_medida` varchar(20) DEFAULT NULL,
  `precio` decimal(10,2) NOT NULL,
  `existencia` int(11) DEFAULT 0,
  `idcategoria` int(11) DEFAULT NULL,
  `moneda` varchar(10) NOT NULL,
  `estatus` enum('activo','inactivo') DEFAULT 'activo',
  `fecha_creacion` datetime DEFAULT current_timestamp(),
  `ultima_modificacion` datetime DEFAULT current_timestamp() ON UPDATE current_timestamp(),
  PRIMARY KEY (`idproducto`),
  KEY `idcategoria` (`idcategoria`),
  CONSTRAINT `producto_ibfk_1` FOREIGN KEY (`idcategoria`) REFERENCES `categoria` (`idcategoria`)
) ENGINE=InnoDB AUTO_INCREMENT=11 DEFAULT CHARSET=utf8mb4 COLLATE=utf8mb4_general_ci;

-- Volcado de datos para la tabla `producto`
LOCK TABLES `producto` WRITE;
INSERT INTO `producto` (`idproducto`, `nombre`, `descripcion`, `unidad_medida`, `precio`, `existencia`, `idcategoria`, `moneda`, `estatus`, `fecha_creacion`, `ultima_modificacion`) VALUES ('1', 'Archivo', 'Descripción del producto A', 'KG', '5.00', '10', '1', 'USD', 'activo', '2025-04-25 10:15:07', '2025-06-11 19:02:13'),
('4', 'Carton', 'nada', 'KG', '2.00', '10', '1', 'EUR', 'activo', '2025-05-10 19:17:11', '2025-06-11 19:02:05'),
('5', 'Mecate', 'Se usa para amarrar las pacas al compactarlas', 'UNIDAD', '5.00', '1', '3', 'USD', 'activo', '2025-05-14 20:42:21', '2025-06-11 19:00:47'),
('6', 'Prueba', 'nadaaa', 'UNIDAD', '10.00', '0', '3', 'USD', 'inactivo', '2025-06-07 13:46:30', '2025-06-11 19:00:54'),
('7', 'Carton por Clasificar', 'Carton por reciclar', 'KG', '5.00', '705', '2', 'USD', 'activo', '2025-06-11 19:00:17', '2025-07-03 16:56:48'),
('8', 'Archivo por Clasificar', 'Archivo para Reciclar', 'KG', '3.00', '950', '2', 'USD', 'activo', '2025-06-11 19:02:56', '2025-07-07 21:56:18'),
('9', 'Nuevo', 'nuevo', 'KG', '10.00', '0', '3', 'BS', 'activo', '2025-06-17 09:31:04', '2025-06-17 09:31:04'),
('10', 'Carpetas', 'Nada', 'PAQUETE', '100.00', '240', '2', 'BS', 'activo', '2025-06-20 08:57:49', '2025-07-07 22:12:51');
UNLOCK TABLES;

-- Estructura de tabla para `proveedor`
DROP TABLE IF EXISTS `proveedor`;
CREATE TABLE `proveedor` (
  `idproveedor` int(11) NOT NULL AUTO_INCREMENT,
  `nombre` varchar(25) NOT NULL,
  `apellido` varchar(25) NOT NULL,
  `identificacion` varchar(10) NOT NULL,
  `fecha_nacimiento` date NOT NULL,
  `direccion` varchar(30) NOT NULL,
  `correo_electronico` varchar(30) NOT NULL,
  `estatus` enum('activo','inactivo') NOT NULL,
  `telefono_principal` text NOT NULL,
  `observaciones` longtext NOT NULL,
  `genero` enum('MASCULINO','FEMENINO','OTRO','') NOT NULL,
  `fecha_cracion` datetime NOT NULL,
  `fecha_modificacion` datetime NOT NULL,
  PRIMARY KEY (`idproveedor`)
) ENGINE=InnoDB AUTO_INCREMENT=81 DEFAULT CHARSET=utf8mb4 COLLATE=utf8mb4_general_ci;

-- Volcado de datos para la tabla `proveedor`
LOCK TABLES `proveedor` WRITE;
INSERT INTO `proveedor` (`idproveedor`, `nombre`, `apellido`, `identificacion`, `fecha_nacimiento`, `direccion`, `correo_electronico`, `estatus`, `telefono_principal`, `observaciones`, `genero`, `fecha_cracion`, `fecha_modificacion`) VALUES ('21', 'Maria Valentina', 'Pineda Barroeta', '5545242542', '2001-09-20', 'bqto', 'mariapinedabarroeta@gmail.com', 'activo', '04120574452', '0', '', '2025-05-10 22:29:38', '0000-00-00 00:00:00'),
('25', 'ana', 'barroeta', '9840670', '1967-02-23', 'nada', 'anagraciabarroeta yahoo com ve', 'inactivo', '78786755', '0', '', '2025-05-13 18:37:49', '0000-00-00 00:00:00'),
('26', 'juan', 'pablo', '785857657', '1967-02-23', '', 'nada gmail com', 'inactivo', '78786755', '0', '', '2025-05-13 18:50:50', '0000-00-00 00:00:00'),
('50', 'Juan Catalina', 'Barroeta', '65432', '0000-00-00', '', '', 'inactivo', '0514625728', '0', '', '2025-05-16 18:03:02', '0000-00-00 00:00:00'),
('51', 'Juanaaa', 'Barroeta', '98078968', '0000-00-00', '', '', 'inactivo', '0514625728', '0', '', '2025-05-17 12:13:08', '0000-00-00 00:00:00'),
('52', 'Juanaaa', 'Barroeta', '98078968', '0000-00-00', '', '', 'activo', '0514625728', '0', '', '2025-05-17 12:28:38', '0000-00-00 00:00:00'),
('53', 'Francisco Ramon j', 'Pineda', 'V 9840670', '1966-12-28', 'nada', 'franciscopineda gmail com', 'inactivo', '04120574452', '0', '', '2025-06-01 12:07:04', '0000-00-00 00:00:00'),
('54', 'David', 'Ramirez', '87754445', '2001-06-01', 'Nada', 'david gmail com', 'inactivo', '04245731172', '0', '', '2025-06-01 16:09:31', '0000-00-00 00:00:00'),
('55', 'Francisco Ramon j', 'Pineda', 'V 9840677', '1966-12-28', 'nasda', 'franciscopineda gmail com', 'inactivo', '041205744', 'NADA', 'MASCULINO', '2025-06-01 19:37:10', '0000-00-00 00:00:00'),
('56', 'Francisco Ramon j', 'Pineda', 'V 98406878', '1966-12-28', 'NADA', 'franciscopineda gmail com', 'inactivo', '04120574', 'NADA', 'MASCULINO', '2025-06-01 20:25:06', '0000-00-00 00:00:00'),
('57', 'Francisco Ramon j', 'Pineda', 'V 9840679', '2025-06-05', 'nada', 'franciscopineda gmail com', 'inactivo', '04120574452', 'sadsadsa', 'MASCULINO', '2025-06-01 20:40:03', '2025-06-07 10:18:36'),
('58', 'Richard', 'Gil', '28493511', '2025-06-04', 'Caldera', 'gilalejandro926@gmail.com', 'activo', '04245327065', 'Nada', 'MASCULINO', '2025-06-04 21:07:05', '0000-00-00 00:00:00'),
('59', 'Richard', 'Gil', '28493518', '2025-06-04', 'dsfds', 'gilalejandro926@gmail.com', 'activo', '04245327065', 'sdfsdf', '', '2025-06-04 21:16:00', '0000-00-00 00:00:00'),
('60', 'Richard', 'Gil', '28493517', '2025-06-04', 'dsasadsad', 'gilalejandro926@gmail.com', 'activo', '04245327065', 'dsadsad', '', '2025-06-04 21:31:41', '0000-00-00 00:00:00'),
('61', 'Richard', 'Gil', '28493516', '2025-06-04', 'ghfgh', 'gilalejandro926@gmail.com', 'activo', '04245327065', 'fghfg', '', '2025-06-04 21:35:02', '0000-00-00 00:00:00'),
('62', 'Richard', 'Gil', '28493519', '2025-06-04', 'adsdasd', 'gilalejandro926@gmail.com', 'activo', '04245327065', 'sadasd', '', '2025-06-04 21:36:53', '0000-00-00 00:00:00'),
('63', 'Richard', 'Gil', '28493515', '2025-06-04', 'ewr', 'gilalejandro926@gmail.com', 'activo', '04245327065', 'werewr', '', '2025-06-04 21:49:34', '0000-00-00 00:00:00'),
('64', 'Richard', 'Gil', '28493569', '2025-06-04', 'erwrewr', 'gilalejandro926@gmail.com', 'inactivo', '04245327065', 'rwerwer', 'MASCULINO', '2025-06-04 21:56:14', '0000-00-00 00:00:00'),
('65', 'Richard', 'Gil', '284935691', '2025-06-04', 'gdfgfd', 'gilalejandro926 gmail com', 'inactivo', '04245327069', 'gfdgfdg', '', '2025-06-04 21:58:16', '2025-06-06 00:53:24'),
('66', 'Richard', 'Gil', '2849351111', '2025-06-04', 'fdsfsf', 'gilalejandro926 gmail com', 'inactivo', '04245327065', 'sdfdsf', 'MASCULINO', '2025-06-04 22:31:01', '0000-00-00 00:00:00'),
('67', 'Richard', 'Gil', '2849353333', '2025-06-04', 'ghjghj', 'gilalejandro926 gmail com', 'inactivo', '04245327065', 'ghjhg', '', '2025-06-04 23:02:11', '0000-00-00 00:00:00'),
('68', 'Richard', 'Gil', '2849353322', '2025-06-04', 'dsadsa', 'gilalejandro926 gmail com', 'inactivo', '04245327065', 'hkkjhj', 'MASCULINO', '2025-06-06 00:18:12', '2025-06-06 00:53:44'),
('69', 'Richard', 'Gil', '2849353324', '2025-06-04', 'ytyry', 'gilalejandro926 gmail com', 'inactivo', '04245327065', 'trytryr', 'MASCULINO', '2025-06-06 00:25:44', '2025-06-05 23:15:08'),
('70', 'Richard', 'Gil', '2849352066', '2025-06-23', 'dsadsa', 'gilalejandro926 gmail com', 'activo', '04245327065', 'hkkjhj', 'MASCULINO', '2025-06-06 00:33:51', '2025-06-06 00:33:51'),
('71', 'Richard', 'Gil', '28493520', '2025-06-05', 'dsadsa', 'gilalejandro926 gmail com', 'activo', '04245327065', 'hkkjhj', 'MASCULINO', '2025-06-05 21:55:16', '2025-06-05 21:55:16'),
('72', 'Richard', 'Gil', '28493526', '2025-06-05', 'dsadsa', 'gilalejandro926 gmail com', 'inactivo', '04245327065', 'hkkjhj', 'MASCULINO', '2025-06-05 22:06:29', '2025-06-07 10:39:44'),
('73', 'Richard', 'Gil', 'J 28493511', '2025-06-04', 'erwrewr', 'gilalejandro926 gmail com', 'inactivo', '04245327069', '', '', '2025-06-05 22:08:48', '2025-06-07 10:39:41'),
('74', 'Richard', 'Gilfdf', '28493527', '2025-03-05', 'dsadsa', 'gilalejandro926 gmail com', 'inactivo', '04245327069', 'hkkjhj', 'MASCULINO', '2025-06-05 22:14:39', '2025-06-07 10:39:31'),
('75', 'Richard', 'Gil', '284935277', '2025-07-05', 'dsadsa', 'gilalejandro926 gmail com', 'inactivo', '04245327069', 'hkkjhj', 'MASCULINO', '2025-06-05 22:23:28', '2025-06-07 10:39:38'),
('76', 'Richard', 'Gil', '2849352011', '2025-06-04', 'dsadsa', 'gilalejandro926 gmail com', 'inactivo', '04245327069', 'hkkjhj', 'MASCULINO', '2025-06-05 22:45:42', '2025-06-07 10:39:35'),
('77', 'Richard', 'Gil', 'V-28493520', '0000-00-00', 'ytyry', 'gilalejandro926@gmail.com', 'activo', '04245327065', '', 'MASCULINO', '2025-06-07 10:49:38', '2025-06-07 10:49:38'),
('78', 'Richard', 'Gil', 'V-28493521', '0000-00-00', 'ytyry', 'gilalejandro926@gmail.com', 'activo', '04245327065', 'trytryr', 'MASCULINO', '2025-06-07 12:56:27', '2025-06-07 12:56:27'),
('79', 'Richard', 'Gil', 'V-28493529', '0000-00-00', 'ytyry', 'gilalejandro926@gmail.com', 'activo', '04245327065', 'trytryr', 'MASCULINO', '2025-06-07 12:59:56', '2025-06-07 12:59:56'),
('80', 'Richard', 'Gil', 'V-28493524', '2001-12-07', 'sdadsad', 'gilalejandro926@gmail.com', 'activo', '04245327065', '', 'MASCULINO', '2025-06-07 13:11:44', '2025-06-07 13:11:44');
UNLOCK TABLES;

-- Estructura de tabla para `registro_produccion`
DROP TABLE IF EXISTS `registro_produccion`;
CREATE TABLE `registro_produccion` (
  `idregistro` int(11) NOT NULL AUTO_INCREMENT,
  `fecha_jornada` date NOT NULL,
  `idlote` int(11) NOT NULL,
  `idempleado` int(11) NOT NULL,
  `kg_clasificados` decimal(10,2) DEFAULT 0.00,
  `kg_contaminantes` decimal(10,2) DEFAULT 0.00,
  `pacas_armadas` int(11) DEFAULT 0,
  `salario_base_dia` decimal(10,2) DEFAULT 0.00,
  `bono_clasificacion` decimal(10,2) DEFAULT 0.00,
  `bono_empaque` decimal(10,2) DEFAULT 0.00,
  `salario_total` decimal(10,2) DEFAULT 0.00,
  `tasa_error` decimal(5,2) DEFAULT 0.00,
  `observaciones` text DEFAULT NULL,
  `estatus` enum('BORRADOR','CALCULADO','PAGADO') DEFAULT 'BORRADOR',
  `fecha_calculo` datetime DEFAULT NULL,
  `fecha_creacion` datetime DEFAULT current_timestamp(),
  `ultima_modificacion` datetime DEFAULT current_timestamp() ON UPDATE current_timestamp(),
  PRIMARY KEY (`idregistro`),
  UNIQUE KEY `unique_empleado_fecha` (`fecha_jornada`,`idempleado`),
  KEY `fk_registro_empleado` (`idempleado`),
  KEY `fk_registro_lote` (`idlote`),
  KEY `idx_registro_fecha_empleado` (`fecha_jornada`,`idempleado`),
  CONSTRAINT `fk_registro_empleado` FOREIGN KEY (`idempleado`) REFERENCES `empleado` (`idempleado`) ON UPDATE CASCADE,
  CONSTRAINT `fk_registro_lote` FOREIGN KEY (`idlote`) REFERENCES `lotes_produccion` (`idlote`) ON UPDATE CASCADE
) ENGINE=InnoDB AUTO_INCREMENT=2 DEFAULT CHARSET=utf8mb4 COLLATE=utf8mb4_general_ci;

-- Volcado de datos para la tabla `registro_produccion`
LOCK TABLES `registro_produccion` WRITE;
INSERT INTO `registro_produccion` (`idregistro`, `fecha_jornada`, `idlote`, `idempleado`, `kg_clasificados`, `kg_contaminantes`, `pacas_armadas`, `salario_base_dia`, `bono_clasificacion`, `bono_empaque`, `salario_total`, `tasa_error`, `observaciones`, `estatus`, `fecha_calculo`, `fecha_creacion`, `ultima_modificacion`) VALUES ('1', '2025-07-03', '1', '4', '0.00', '0.00', '1', '0.00', '0.00', '0.00', '0.00', '0.00', NULL, 'BORRADOR', NULL, '2025-07-03 01:38:35', '2025-07-03 01:38:35');
UNLOCK TABLES;

-- Estructura de tabla para `tipo_movimiento`
DROP TABLE IF EXISTS `tipo_movimiento`;
CREATE TABLE `tipo_movimiento` (
  `idtipomovimiento` int(11) NOT NULL AUTO_INCREMENT,
  `nombre` varchar(25) NOT NULL,
  `descripcion` varchar(255) DEFAULT NULL,
  `estatus` enum('activo','inactivo') NOT NULL,
  `fecha_creacion` datetime NOT NULL,
  `fecha_modificacion` datetime NOT NULL,
  PRIMARY KEY (`idtipomovimiento`)
) ENGINE=InnoDB AUTO_INCREMENT=5 DEFAULT CHARSET=utf8mb4 COLLATE=utf8mb4_general_ci;

-- Volcado de datos para la tabla `tipo_movimiento`
LOCK TABLES `tipo_movimiento` WRITE;
INSERT INTO `tipo_movimiento` (`idtipomovimiento`, `nombre`, `descripcion`, `estatus`, `fecha_creacion`, `fecha_modificacion`) VALUES ('1', 'venta', 'Salida de productos por venta', 'activo', '0000-00-00 00:00:00', '0000-00-00 00:00:00'),
('2', 'Compra', 'Entrada de productos por compra', 'activo', '2025-06-12 03:30:53', '2025-06-12 03:30:53'),
('3', 'Clasificación', 'Movimiento por proceso de clasificación', 'activo', '2025-07-03 01:28:59', '2025-07-03 01:28:59'),
('4', 'Empaque', 'Movimiento por proceso de empaque', 'activo', '2025-07-03 01:28:59', '2025-07-03 01:28:59');
UNLOCK TABLES;

-- Estructura de tabla para `tipos_pagos`
DROP TABLE IF EXISTS `tipos_pagos`;
CREATE TABLE `tipos_pagos` (
  `idtipo_pago` int(11) NOT NULL AUTO_INCREMENT,
  `nombre` varchar(25) NOT NULL,
  `estatus` enum('activo','inactivo') NOT NULL,
  `fecha_creacion` datetime NOT NULL,
  `fecha_modificacion` datetime NOT NULL,
  PRIMARY KEY (`idtipo_pago`)
) ENGINE=InnoDB AUTO_INCREMENT=6 DEFAULT CHARSET=utf8mb4 COLLATE=utf8mb4_general_ci;

-- Volcado de datos para la tabla `tipos_pagos`
LOCK TABLES `tipos_pagos` WRITE;
INSERT INTO `tipos_pagos` (`idtipo_pago`, `nombre`, `estatus`, `fecha_creacion`, `fecha_modificacion`) VALUES ('1', 'Transferencia', 'activo', '2025-06-14 18:29:03', '2025-06-14 18:29:03'),
('2', 'Efectivo', 'activo', '2025-06-14 12:40:32', '2025-06-14 12:40:32'),
('3', 'Tarjeta de Débito', 'activo', '2025-06-14 12:40:32', '2025-06-14 12:40:32'),
('4', 'Tarjeta de Crédito', 'activo', '2025-06-14 12:40:32', '2025-06-14 12:40:32'),
('5', 'Cheque', 'activo', '2025-06-14 12:40:32', '2025-06-14 12:40:32');
UNLOCK TABLES;

-- Estructura de tabla para `venta`
DROP TABLE IF EXISTS `venta`;
CREATE TABLE `venta` (
  `idventa` int(11) NOT NULL AUTO_INCREMENT,
  `nro_venta` varchar(25) NOT NULL,
  `idcliente` int(11) NOT NULL,
  `fecha_venta` date DEFAULT NULL,
  `idmoneda` int(11) NOT NULL,
  `tasa` decimal(18,6) NOT NULL DEFAULT 1.000000,
  `subtotal_general` decimal(15,2) NOT NULL DEFAULT 0.00,
  `descuento_porcentaje_general` decimal(5,2) NOT NULL DEFAULT 0.00,
  `monto_descuento_general` decimal(15,2) NOT NULL DEFAULT 0.00,
  `balance` decimal(15,2) NOT NULL DEFAULT 0.00,
  `estatus` enum('activo','inactivo','BORRADOR','POR_PAGAR','PAGADA','ANULADA','PAGO_FRACCIONADO') NOT NULL DEFAULT 'BORRADOR',
  `total_general` decimal(15,2) NOT NULL DEFAULT 0.00,
  `observaciones` text DEFAULT NULL,
  `fecha_creacion` datetime NOT NULL DEFAULT current_timestamp(),
  `ultima_modificacion` datetime NOT NULL DEFAULT current_timestamp() ON UPDATE current_timestamp(),
  PRIMARY KEY (`idventa`),
  UNIQUE KEY `nro_venta` (`nro_venta`),
  KEY `idcliente` (`idcliente`),
  KEY `idmoneda` (`idmoneda`),
  KEY `idx_venta_fecha` (`fecha_venta`),
  CONSTRAINT `venta_ibfk_1` FOREIGN KEY (`idcliente`) REFERENCES `cliente` (`idcliente`) ON UPDATE CASCADE,
  CONSTRAINT `venta_ibfk_2` FOREIGN KEY (`idmoneda`) REFERENCES `monedas` (`idmoneda`) ON UPDATE CASCADE
) ENGINE=InnoDB AUTO_INCREMENT=42 DEFAULT CHARSET=utf8mb4 COLLATE=utf8mb4_general_ci;

-- Volcado de datos para la tabla `venta`
LOCK TABLES `venta` WRITE;
INSERT INTO `venta` (`idventa`, `nro_venta`, `idcliente`, `fecha_venta`, `idmoneda`, `tasa`, `subtotal_general`, `descuento_porcentaje_general`, `monto_descuento_general`, `balance`, `estatus`, `total_general`, `observaciones`, `fecha_creacion`, `ultima_modificacion`) VALUES ('8', 'V-000002', '12', '2025-05-27', '1', '0.000000', '5.00', '0.00', '0.01', '0.00', 'ANULADA', '5.00', 'fsdfds', '2025-05-27 22:28:00', '2025-06-29 22:03:04'),
('13', 'V-000009', '12', '2025-05-28', '1', '0.000000', '5.00', '1.00', '0.06', '0.00', 'ANULADA', '5.00', 'sdasd', '2025-05-28 11:37:14', '2025-06-29 22:03:04'),
('15', 'V-000014', '12', '2025-05-28', '1', '1.000000', '5.00', '0.00', '0.02', '0.00', 'ANULADA', '5.00', '77', '2025-05-28 13:09:59', '2025-06-29 22:03:04'),
('16', 'V-000016', '12', '2025-05-28', '1', '95.810000', '5.00', '0.00', '0.01', '0.00', 'ANULADA', '5.00', 'vfdgdf', '2025-05-28 13:22:13', '2025-06-29 22:03:04'),
('17', 'V-000017', '12', '2025-05-27', '1', '1.000000', '12.00', '10.00', '1.20', '0.00', 'ANULADA', '11.00', 'a', '2025-05-28 13:53:07', '2025-06-29 22:03:04'),
('18', 'V-000018', '35', '2025-05-28', '1', '95.810000', '5.00', '10.00', '0.50', '0.00', 'ANULADA', '5.00', 'reterte', '2025-05-28 23:24:28', '2025-06-29 22:03:04'),
('19', 'V-000019', '12', '2025-05-28', '1', '95.810000', '5.00', '10.00', '0.50', '0.00', 'BORRADOR', '5.00', 'dasdsa', '2025-05-28 23:25:24', '2025-06-29 22:03:04'),
('20', 'V-000020', '36', '2025-05-29', '1', '1.000000', '5.00', '0.18', '0.01', '0.99', 'PAGADA', '4.99', 'prueba', '2025-05-29 12:57:08', '2025-07-07 22:27:10'),
('21', 'V-000021', '36', '2025-05-29', '1', '1.000000', '5.00', '0.16', '0.01', '0.00', 'PAGADA', '4.99', 'Nueva venta prueba', '2025-05-29 12:57:54', '2025-07-07 22:18:21'),
('22', 'V-000022', '12', '2025-05-29', '1', '1.000000', '5.00', '0.00', '0.00', '0.00', 'PAGADA', '5.00', 'nuevo', '2025-05-29 12:58:41', '2025-07-07 22:26:44'),
('28', 'V-000023', '12', '2025-05-29', '1', '1.000000', '5.00', '0.02', '0.00', '0.00', 'BORRADOR', '5.00', 'nueva', '2025-05-29 14:25:58', '2025-06-29 22:03:04'),
('30', 'V-000029', '22', '2025-06-01', '1', '1.000000', '5.00', '0.23', '0.01', '0.00', 'PAGADA', '4.99', 'rewrewr', '2025-06-01 13:27:26', '2025-07-07 22:14:47'),
('31', 'VT000001', '22', '2025-06-11', '3', '1.000000', '110.00', '1.20', '1.32', '0.00', 'ANULADA', '108.68', 'jlkjkjlkj', '2025-06-10 21:37:22', '2025-06-29 22:03:04'),
('32', 'VT000002', '22', '2025-06-29', '1', '104.540000', '4.00', '1.50', '0.06', '0.00', '', '3.94', 'venta', '2025-06-29 18:30:20', '2025-06-29 18:30:20'),
('33', 'VT000003', '32', '2025-06-30', '1', '104.540000', '10.00', '1.00', '0.10', '0.00', 'PAGADA', '9.90', 'k', '2025-06-29 21:50:03', '2025-07-07 22:12:13'),
('34', 'VT000004', '32', '2025-07-01', '3', '1.000000', '5.00', '0.00', '0.00', '0.00', 'PAGADA', '5.00', 'tt', '2025-07-01 22:31:44', '2025-07-07 21:04:43'),
('35', 'VT000005', '35', '2025-07-10', '3', '1.000000', '5449000000.00', '0.00', '0.00', '0.00', 'PAGADA', '5449000000.00', 'eee', '2025-07-01 23:41:28', '2025-07-08 00:00:52'),
('36', 'VT000006', '32', '2025-07-08', '3', '1.000000', '557.10', '2.00', '11.14', '0.00', 'PAGADA', '545.96', 'Pago', '2025-07-07 21:06:44', '2025-07-07 22:12:09'),
('37', 'VT000007', '35', '2025-07-08', '3', '1.000000', '557.10', '0.00', '0.00', '57.10', 'PAGADA', '557.10', 'nada', '2025-07-07 22:27:32', '2025-07-07 22:39:53'),
('38', 'VT000008', '22', '2025-07-08', '3', '1.000000', '557.10', '2.00', '11.14', '0.00', 'PAGADA', '545.96', 'nada', '2025-07-07 22:28:30', '2025-07-07 22:39:55'),
('39', 'VT000009', '22', '2025-07-08', '3', '1.000000', '557.10', '0.00', '0.00', '57.10', 'PAGADA', '557.10', 'nada', '2025-07-07 22:40:11', '2025-07-07 22:41:07'),
('40', 'VT000010', '32', '2025-07-08', '3', '1.000000', '557.10', '20.00', '111.42', '445.68', 'PAGADA', '445.68', 'nada', '2025-07-07 22:46:44', '2025-07-07 22:46:51'),
('41', 'VT000011', '35', '2025-07-08', '3', '1.000000', '557.10', '0.00', '0.00', '0.00', 'PAGADA', '557.10', 'n', '2025-07-07 22:53:48', '2025-07-12 22:33:29');
UNLOCK TABLES;


SET FOREIGN_KEY_CHECKS = 1;


-- ================================================
-- BACKUP BASE DE DATOS SEGURIDAD
-- ================================================

-- ================================================
-- BACKUP BASE DE DATOS: bd_pda_seguridad
-- Fecha: 2025-07-13 13:41:31
-- ================================================

SET FOREIGN_KEY_CHECKS = 0;

-- Estructura de tabla para `bitacora`
DROP TABLE IF EXISTS `bitacora`;
CREATE TABLE `bitacora` (
  `idbitacora` int(11) NOT NULL AUTO_INCREMENT,
  `tabla` varchar(20) NOT NULL,
  `accion` varchar(20) NOT NULL,
  `idusuario` int(11) NOT NULL,
  `fecha_accion` datetime DEFAULT current_timestamp(),
  `fecha` datetime NOT NULL DEFAULT current_timestamp(),
  PRIMARY KEY (`idbitacora`),
  KEY `idusuario` (`idusuario`),
  CONSTRAINT `bitacora_ibfk_1` FOREIGN KEY (`idusuario`) REFERENCES `usuario` (`idusuario`)
) ENGINE=InnoDB AUTO_INCREMENT=1929 DEFAULT CHARSET=utf8mb4 COLLATE=utf8mb4_general_ci;

-- Volcado de datos para la tabla `bitacora`
LOCK TABLES `bitacora` WRITE;
INSERT INTO `bitacora` (`idbitacora`, `tabla`, `accion`, `idusuario`, `fecha_accion`, `fecha`) VALUES ('423', 'pagos', 'ACCESO_MODULO', '1', '2025-06-16 21:07:35', '2025-06-16 21:07:35'),
('424', 'pagos', 'ACCESO_MODULO', '1', '2025-06-16 21:20:48', '2025-06-16 21:20:48'),
('425', 'pagos', 'ACCESO_MODULO', '1', '2025-06-16 21:33:28', '2025-06-16 21:33:28'),
('426', 'pagos', 'ACCESO_MODULO', '1', '2025-06-16 21:33:44', '2025-06-16 21:33:44'),
('427', 'pagos', 'ACCESO_MODULO', '1', '2025-06-16 21:34:38', '2025-06-16 21:34:38'),
('428', 'pagos', 'ACCESO_MODULO', '1', '2025-06-16 21:34:47', '2025-06-16 21:34:47'),
('429', 'pagos', 'ACCESO_MODULO', '1', '2025-06-16 21:45:06', '2025-06-16 21:45:06'),
('430', 'pagos', 'ACCESO_MODULO', '1', '2025-06-16 21:48:35', '2025-06-16 21:48:35'),
('431', 'pagos', 'ACCESO_MODULO', '1', '2025-06-16 21:53:53', '2025-06-16 21:53:53'),
('432', 'pagos', 'ACCESO_MODULO', '1', '2025-06-16 21:54:49', '2025-06-16 21:54:49'),
('433', 'pagos', 'ACCESO_MODULO', '1', '2025-06-16 22:00:07', '2025-06-16 22:00:07'),
('434', 'productos', 'ACCESO_MODULO', '1', '2025-06-16 22:04:52', '2025-06-16 22:04:52'),
('435', 'bitacora', 'ACCESO_MODULO', '1', '2025-06-17 08:41:42', '2025-06-17 08:41:42'),
('436', 'bitacora', 'ACCESO_MODULO', '1', '2025-06-17 08:42:24', '2025-06-17 08:42:24'),
('437', 'bitacora', 'ACCESO_MODULO', '1', '2025-06-17 08:53:27', '2025-06-17 08:53:27'),
('438', 'usuarios', 'ACCESO_MODULO', '1', '2025-06-17 08:58:50', '2025-06-17 08:58:50'),
('439', 'usuarios', 'CONSULTA_LISTADO', '1', '2025-06-17 08:58:51', '2025-06-17 08:58:51'),
('440', 'usuarios', 'VER_USUARIO', '1', '2025-06-17 08:58:57', '2025-06-17 08:58:57'),
('441', 'bitacora', 'ACCESO_MODULO', '1', '2025-06-17 08:59:06', '2025-06-17 08:59:06'),
('442', 'bitacora', 'ACCESO_MODULO', '1', '2025-06-17 09:00:11', '2025-06-17 09:00:11'),
('443', 'usuarios', 'ACCESO_MODULO', '1', '2025-06-17 09:08:36', '2025-06-17 09:08:36'),
('444', 'usuarios', 'CONSULTA_LISTADO', '1', '2025-06-17 09:08:37', '2025-06-17 09:08:37'),
('445', 'usuarios', 'ACCESO_MODULO', '1', '2025-06-17 09:08:50', '2025-06-17 09:08:50'),
('446', 'usuarios', 'CONSULTA_LISTADO', '1', '2025-06-17 09:08:51', '2025-06-17 09:08:51'),
('447', 'usuarios', 'ACCESO_MODULO', '1', '2025-06-17 09:10:59', '2025-06-17 09:10:59'),
('448', 'usuarios', 'CONSULTA_LISTADO', '1', '2025-06-17 09:11:05', '2025-06-17 09:11:05'),
('449', 'usuarios', 'ACCESO_MODULO', '1', '2025-06-17 09:11:16', '2025-06-17 09:11:16'),
('450', 'usuarios', 'CONSULTA_LISTADO', '1', '2025-06-17 09:11:18', '2025-06-17 09:11:18'),
('451', 'usuarios', 'ACCESO_MODULO', '1', '2025-06-17 09:12:05', '2025-06-17 09:12:05'),
('452', 'usuarios', 'CONSULTA_LISTADO', '1', '2025-06-17 09:12:08', '2025-06-17 09:12:08'),
('453', 'roles', 'ACCESO_MODULO', '1', '2025-06-17 09:12:09', '2025-06-17 09:12:09'),
('454', 'roles', 'CONSULTA', '1', '2025-06-17 09:12:10', '2025-06-17 09:12:10'),
('455', 'roles', 'ACCESO_MODULO', '1', '2025-06-17 09:12:34', '2025-06-17 09:12:34'),
('456', 'roles', 'CONSULTA', '1', '2025-06-17 09:12:35', '2025-06-17 09:12:35'),
('457', 'roles', 'ACCESO_MODULO', '1', '2025-06-17 09:14:29', '2025-06-17 09:14:29'),
('458', 'roles', 'CONSULTA', '1', '2025-06-17 09:14:29', '2025-06-17 09:14:29'),
('459', 'productos', 'ACCESO_MODULO', '1', '2025-06-17 09:25:50', '2025-06-17 09:25:50'),
('460', 'productos', 'ACCESO_MODULO', '1', '2025-06-17 09:27:32', '2025-06-17 09:27:32'),
('461', 'proveedor', 'ACCESO_MODULO', '1', '2025-06-17 09:28:23', '2025-06-17 09:28:23'),
('462', 'proveedor', 'ACCESO_MODULO', '1', '2025-06-17 09:29:37', '2025-06-17 09:29:37'),
('463', 'productos', 'ACCESO_MODULO', '1', '2025-06-17 09:30:37', '2025-06-17 09:30:37'),
('464', 'productos', 'CREAR_PRODUCTO', '1', '2025-06-17 09:31:04', '2025-06-17 09:31:04'),
('465', 'productos', 'ACCESO_MODULO', '1', '2025-06-18 00:28:00', '2025-06-18 00:28:00'),
('466', 'bitacora', 'ACCESO_MODULO', '1', '2025-06-18 00:28:06', '2025-06-18 00:28:06'),
('467', 'proveedor', 'ACCESO_MODULO', '1', '2025-06-18 00:28:19', '2025-06-18 00:28:19'),
('468', 'bitacora', 'ACCESO_MODULO', '1', '2025-06-18 00:30:08', '2025-06-18 00:30:08'),
('469', 'ventas', 'ACCESO_MODULO', '1', '2025-06-18 00:43:36', '2025-06-18 00:43:36'),
('470', 'ventas', 'CONSULTA_DATOS', '1', '2025-06-18 00:43:38', '2025-06-18 00:43:38'),
('471', 'ventas', 'ACCESO_MODULO', '1', '2025-06-18 00:47:40', '2025-06-18 00:47:40'),
('472', 'ventas', 'CONSULTA_DATOS', '1', '2025-06-18 00:47:41', '2025-06-18 00:47:41'),
('473', 'ventas', 'ACCESO_MODULO', '1', '2025-06-18 00:48:03', '2025-06-18 00:48:03'),
('474', 'ventas', 'CONSULTA_DATOS', '1', '2025-06-18 00:48:04', '2025-06-18 00:48:04'),
('475', 'ventas', 'ACCESO_MODULO', '1', '2025-06-18 00:48:23', '2025-06-18 00:48:23'),
('476', 'ventas', 'CONSULTA_DATOS', '1', '2025-06-18 00:48:23', '2025-06-18 00:48:23'),
('477', 'ventas', 'ACCESO_MODULO', '1', '2025-06-18 00:48:45', '2025-06-18 00:48:45'),
('478', 'ventas', 'CONSULTA_DATOS', '1', '2025-06-18 00:48:46', '2025-06-18 00:48:46'),
('479', 'ventas', 'ACCESO_MODULO', '1', '2025-06-18 00:51:03', '2025-06-18 00:51:03'),
('480', 'ventas', 'CONSULTA_DATOS', '1', '2025-06-18 00:51:03', '2025-06-18 00:51:03'),
('481', 'ventas', 'CONSULTA_MONEDAS', '1', '2025-06-18 00:51:09', '2025-06-18 00:51:09'),
('482', 'ventas', 'CONSULTA_PRODUCTOS_D', '1', '2025-06-18 00:51:09', '2025-06-18 00:51:09'),
('483', 'ventas', 'ACCESO_MODULO', '1', '2025-06-18 00:58:08', '2025-06-18 00:58:08'),
('484', 'ventas', 'CONSULTA_DATOS', '1', '2025-06-18 00:58:10', '2025-06-18 00:58:10'),
('485', 'ventas', 'ACCESO_MODULO', '1', '2025-06-18 00:58:32', '2025-06-18 00:58:32'),
('486', 'ventas', 'CONSULTA_DATOS', '1', '2025-06-18 00:58:32', '2025-06-18 00:58:32'),
('487', 'ventas', 'VER_DETALLE', '1', '2025-06-18 00:58:34', '2025-06-18 00:58:34'),
('488', 'ventas', 'ACCESO_MODULO', '1', '2025-06-18 00:58:52', '2025-06-18 00:58:52'),
('489', 'ventas', 'CONSULTA_DATOS', '1', '2025-06-18 00:58:53', '2025-06-18 00:58:53'),
('490', 'ventas', 'CONSULTA_MONEDAS', '1', '2025-06-18 01:02:03', '2025-06-18 01:02:03'),
('491', 'ventas', 'CONSULTA_PRODUCTOS_D', '1', '2025-06-18 01:02:04', '2025-06-18 01:02:04'),
('492', 'ventas', 'ACCESO_MODULO', '1', '2025-06-18 01:07:21', '2025-06-18 01:07:21'),
('493', 'ventas', 'CONSULTA_DATOS', '1', '2025-06-18 01:07:22', '2025-06-18 01:07:22'),
('494', 'ventas', 'ACCESO_MODULO', '1', '2025-06-18 01:08:11', '2025-06-18 01:08:11'),
('495', 'ventas', 'CONSULTA_DATOS', '1', '2025-06-18 01:08:12', '2025-06-18 01:08:12'),
('496', 'ventas', 'VER_DETALLE', '1', '2025-06-18 01:08:14', '2025-06-18 01:08:14'),
('497', 'ventas', 'VER_DETALLE', '1', '2025-06-18 01:08:17', '2025-06-18 01:08:17'),
('498', 'ventas', 'ACCESO_MODULO', '1', '2025-06-18 01:08:58', '2025-06-18 01:08:58'),
('499', 'ventas', 'CONSULTA_DATOS', '1', '2025-06-18 01:08:59', '2025-06-18 01:08:59'),
('500', 'ventas', 'ACCESO_MODULO', '1', '2025-06-18 01:10:05', '2025-06-18 01:10:05'),
('501', 'ventas', 'CONSULTA_DATOS', '1', '2025-06-18 01:10:07', '2025-06-18 01:10:07'),
('502', 'ventas', 'ACCESO_MODULO', '1', '2025-06-18 01:12:28', '2025-06-18 01:12:28'),
('503', 'ventas', 'CONSULTA_DATOS', '1', '2025-06-18 01:12:29', '2025-06-18 01:12:29'),
('504', 'ventas', 'ACCESO_MODULO', '1', '2025-06-18 01:12:44', '2025-06-18 01:12:44'),
('505', 'ventas', 'CONSULTA_DATOS', '1', '2025-06-18 01:12:45', '2025-06-18 01:12:45'),
('506', 'ventas', 'ACCESO_MODULO', '1', '2025-06-18 01:12:58', '2025-06-18 01:12:58'),
('507', 'ventas', 'CONSULTA_DATOS', '1', '2025-06-18 01:12:59', '2025-06-18 01:12:59'),
('508', 'ventas', 'ACCESO_MODULO', '1', '2025-06-18 01:13:22', '2025-06-18 01:13:22'),
('509', 'ventas', 'CONSULTA_DATOS', '1', '2025-06-18 01:13:22', '2025-06-18 01:13:22'),
('510', 'bitacora', 'ACCESO_MODULO', '1', '2025-06-17 21:16:17', '2025-06-17 21:16:17'),
('511', 'ventas', 'ACCESO_MODULO', '1', '2025-06-17 21:16:34', '2025-06-17 21:16:34'),
('512', 'ventas', 'CONSULTA_DATOS', '1', '2025-06-17 21:16:35', '2025-06-17 21:16:35'),
('513', 'ventas', 'ACCESO_MODULO', '1', '2025-06-17 21:16:53', '2025-06-17 21:16:53'),
('514', 'ventas', 'CONSULTA_DATOS', '1', '2025-06-17 21:16:54', '2025-06-17 21:16:54'),
('515', 'ventas', 'VER_DETALLE', '1', '2025-06-17 21:16:55', '2025-06-17 21:16:55'),
('516', 'ventas', 'ACCESO_MODULO', '1', '2025-06-17 21:17:17', '2025-06-17 21:17:17'),
('517', 'ventas', 'CONSULTA_DATOS', '1', '2025-06-17 21:17:18', '2025-06-17 21:17:18'),
('518', 'ventas', 'ACCESO_MODULO', '1', '2025-06-17 21:18:16', '2025-06-17 21:18:16'),
('519', 'ventas', 'CONSULTA_DATOS', '1', '2025-06-17 21:18:17', '2025-06-17 21:18:17'),
('520', 'ventas', 'ELIMINAR', '1', '2025-06-17 21:20:23', '2025-06-17 21:20:23'),
('521', 'ventas', 'CONSULTA_DATOS', '1', '2025-06-17 21:20:23', '2025-06-17 21:20:23'),
('522', 'clientes', 'ACCESO_MODULO', '1', '2025-06-17 21:52:28', '2025-06-17 21:52:28'),
('523', 'clientes', 'ACCESO_MODULO', '1', '2025-06-17 21:54:37', '2025-06-17 21:54:37'),
('524', 'clientes', 'CONSULTA_LISTADO', '1', '2025-06-17 21:54:37', '2025-06-17 21:54:37'),
('525', 'clientes', 'ACCESO_MODULO', '1', '2025-06-17 21:55:27', '2025-06-17 21:55:27'),
('526', 'clientes', 'CONSULTA_LISTADO', '1', '2025-06-17 21:55:28', '2025-06-17 21:55:28'),
('527', 'clientes', 'ACCESO_MODULO', '1', '2025-06-17 21:55:54', '2025-06-17 21:55:54'),
('528', 'clientes', 'CONSULTA_LISTADO', '1', '2025-06-17 21:55:54', '2025-06-17 21:55:54'),
('529', 'clientes', 'ACCESO_MODULO', '1', '2025-06-17 21:56:08', '2025-06-17 21:56:08'),
('530', 'clientes', 'CONSULTA_LISTADO', '1', '2025-06-17 21:56:09', '2025-06-17 21:56:09'),
('531', 'clientes', 'ACCESO_MODULO', '1', '2025-06-17 22:01:51', '2025-06-17 22:01:51'),
('532', 'clientes', 'CONSULTA_LISTADO', '1', '2025-06-17 22:01:51', '2025-06-17 22:01:51'),
('533', 'clientes', 'VER_CLIENTE', '1', '2025-06-17 22:01:53', '2025-06-17 22:01:53'),
('534', 'clientes', 'ELIMINAR_CLIENTE', '1', '2025-06-17 22:02:06', '2025-06-17 22:02:06'),
('535', 'clientes', 'CONSULTA_LISTADO', '1', '2025-06-17 22:02:07', '2025-06-17 22:02:07'),
('536', 'clientes', 'ACCESO_MODULO', '1', '2025-06-17 22:03:19', '2025-06-17 22:03:19'),
('537', 'clientes', 'CONSULTA_LISTADO', '1', '2025-06-17 22:03:20', '2025-06-17 22:03:20'),
('538', 'clientes', 'ACCESO_MODULO', '1', '2025-06-17 22:09:55', '2025-06-17 22:09:55'),
('539', 'clientes', 'CONSULTA_LISTADO', '1', '2025-06-17 22:09:56', '2025-06-17 22:09:56'),
('540', 'clientes', 'ACCESO_MODULO', '1', '2025-06-17 22:10:13', '2025-06-17 22:10:13'),
('541', 'clientes', 'CONSULTA_LISTADO', '1', '2025-06-17 22:10:14', '2025-06-17 22:10:14'),
('542', 'clientes', 'ACCESO_MODULO', '1', '2025-06-17 22:13:52', '2025-06-17 22:13:52'),
('543', 'clientes', 'CONSULTA_LISTADO', '1', '2025-06-17 22:13:53', '2025-06-17 22:13:53'),
('544', 'clientes', 'ACCESO_MODULO', '1', '2025-06-17 22:19:07', '2025-06-17 22:19:07'),
('545', 'clientes', 'CONSULTA_LISTADO', '1', '2025-06-17 22:19:08', '2025-06-17 22:19:08'),
('546', 'clientes', 'ACCESO_MODULO', '1', '2025-06-17 22:19:37', '2025-06-17 22:19:37'),
('547', 'clientes', 'CONSULTA_LISTADO', '1', '2025-06-17 22:19:38', '2025-06-17 22:19:38'),
('548', 'usuarios', 'ACCESO_MODULO', '1', '2025-06-17 22:21:05', '2025-06-17 22:21:05'),
('549', 'usuarios', 'CONSULTA_LISTADO', '1', '2025-06-17 22:21:06', '2025-06-17 22:21:06'),
('550', 'usuarios', 'VER_USUARIO', '1', '2025-06-17 22:21:11', '2025-06-17 22:21:11'),
('551', 'usuarios', 'ACCESO_MODULO', '1', '2025-06-17 22:21:34', '2025-06-17 22:21:34'),
('552', 'usuarios', 'CONSULTA_LISTADO', '1', '2025-06-17 22:21:35', '2025-06-17 22:21:35'),
('553', 'usuarios', 'ACCESO_MODULO', '1', '2025-06-17 22:21:53', '2025-06-17 22:21:53'),
('554', 'usuarios', 'CONSULTA_LISTADO', '1', '2025-06-17 22:21:54', '2025-06-17 22:21:54'),
('555', 'usuarios', 'VER_USUARIO', '1', '2025-06-17 22:21:57', '2025-06-17 22:21:57'),
('556', 'clientes', 'ACCESO_MODULO', '1', '2025-06-17 22:22:23', '2025-06-17 22:22:23'),
('557', 'clientes', 'CONSULTA_LISTADO', '1', '2025-06-17 22:22:24', '2025-06-17 22:22:24'),
('558', 'clientes', 'ACCESO_MODULO', '1', '2025-06-19 18:45:44', '2025-06-19 18:45:44'),
('559', 'clientes', 'ACCESO_MODULO', '1', '2025-06-19 19:40:50', '2025-06-19 19:40:50'),
('560', 'clientes', 'ACCESO_MODULO', '1', '2025-06-19 20:01:34', '2025-06-19 20:01:34'),
('561', 'ventas', 'ACCESO_MODULO', '1', '2025-06-19 20:01:37', '2025-06-19 20:01:37'),
('562', 'ventas', 'CONSULTA_DATOS', '1', '2025-06-19 20:01:37', '2025-06-19 20:01:37'),
('563', 'clientes', 'ACCESO_MODULO', '1', '2025-06-19 20:01:40', '2025-06-19 20:01:40'),
('564', 'clientes', 'ACCESO_MODULO', '1', '2025-06-19 20:03:30', '2025-06-19 20:03:30'),
('565', 'clientes', 'ACCESO_MODULO', '1', '2025-06-19 20:05:55', '2025-06-19 20:05:55'),
('566', 'roles', 'ACCESO_MODULO', '1', '2025-06-19 20:05:59', '2025-06-19 20:05:59'),
('567', 'roles', 'CONSULTA', '1', '2025-06-19 20:06:00', '2025-06-19 20:06:00'),
('568', 'clientes', 'ACCESO_MODULO', '1', '2025-06-19 20:07:42', '2025-06-19 20:07:42'),
('569', 'clientes', 'ACCESO_MODULO', '1', '2025-06-19 20:12:35', '2025-06-19 20:12:35'),
('570', 'clientes', 'ACCESO_MODULO', '1', '2025-06-19 20:21:59', '2025-06-19 20:21:59'),
('571', 'clientes', 'ACCESO_MODULO', '1', '2025-06-19 20:22:11', '2025-06-19 20:22:11'),
('572', 'clientes', 'ACCESO_MODULO', '1', '2025-06-19 20:30:11', '2025-06-19 20:30:11'),
('573', 'clientes', 'ACCESO_MODULO', '1', '2025-06-19 20:30:18', '2025-06-19 20:30:18'),
('574', 'clientes', 'ACCESO_MODULO', '1', '2025-06-19 20:30:39', '2025-06-19 20:30:39'),
('575', 'clientes', 'ACCESO_MODULO', '1', '2025-06-19 20:36:25', '2025-06-19 20:36:25'),
('576', 'clientes', 'CONSULTA_LISTADO', '1', '2025-06-19 20:36:29', '2025-06-19 20:36:29'),
('577', 'ventas', 'ACCESO_MODULO', '1', '2025-06-19 20:42:43', '2025-06-19 20:42:43'),
('578', 'ventas', 'CONSULTA_DATOS', '1', '2025-06-19 20:42:44', '2025-06-19 20:42:44'),
('579', 'ventas', 'CONSULTA_MONEDAS', '1', '2025-06-19 20:42:46', '2025-06-19 20:42:46'),
('580', 'ventas', 'CONSULTA_PRODUCTOS_D', '1', '2025-06-19 20:42:47', '2025-06-19 20:42:47'),
('581', 'clientes', 'ACCESO_MODULO', '1', '2025-06-19 20:42:48', '2025-06-19 20:42:48'),
('582', 'clientes', 'CONSULTA_LISTADO', '1', '2025-06-19 20:42:51', '2025-06-19 20:42:51'),
('583', 'clientes', 'ACCESO_MODULO', '1', '2025-06-19 20:43:52', '2025-06-19 20:43:52'),
('584', 'clientes', 'CONSULTA_LISTADO', '1', '2025-06-19 20:43:53', '2025-06-19 20:43:53'),
('585', 'ventas', 'ACCESO_MODULO', '1', '2025-06-19 20:44:22', '2025-06-19 20:44:22'),
('586', 'ventas', 'CONSULTA_DATOS', '1', '2025-06-19 20:44:23', '2025-06-19 20:44:23'),
('587', 'ventas', 'CONSULTA_MONEDAS', '1', '2025-06-19 20:44:24', '2025-06-19 20:44:24'),
('588', 'ventas', 'CONSULTA_PRODUCTOS_D', '1', '2025-06-19 20:44:24', '2025-06-19 20:44:24'),
('589', 'ventas', 'CONSULTA_MONEDAS', '1', '2025-06-19 20:44:34', '2025-06-19 20:44:34'),
('590', 'ventas', 'CONSULTA_PRODUCTOS_D', '1', '2025-06-19 20:44:35', '2025-06-19 20:44:35'),
('591', 'clientes', 'ACCESO_MODULO', '1', '2025-06-19 20:45:15', '2025-06-19 20:45:15'),
('592', 'clientes', 'CONSULTA_LISTADO', '1', '2025-06-19 20:45:19', '2025-06-19 20:45:19'),
('593', 'clientes', 'ACCESO_MODULO', '1', '2025-06-19 20:45:52', '2025-06-19 20:45:52'),
('594', 'clientes', 'CONSULTA_LISTADO', '1', '2025-06-19 20:45:56', '2025-06-19 20:45:56'),
('595', 'clientes', 'ACCESO_MODULO', '1', '2025-06-19 20:46:33', '2025-06-19 20:46:33'),
('596', 'clientes', 'CONSULTA_LISTADO', '1', '2025-06-19 20:46:39', '2025-06-19 20:46:39'),
('597', 'clientes', 'ACCESO_MODULO', '1', '2025-06-19 20:47:51', '2025-06-19 20:47:51'),
('598', 'clientes', 'CONSULTA_LISTADO', '1', '2025-06-19 20:47:58', '2025-06-19 20:47:58'),
('599', 'clientes', 'ACCESO_MODULO', '1', '2025-06-19 20:49:16', '2025-06-19 20:49:16'),
('600', 'clientes', 'CONSULTA_LISTADO', '1', '2025-06-19 20:49:20', '2025-06-19 20:49:20'),
('601', 'clientes', 'ACCESO_MODULO', '1', '2025-06-19 20:53:08', '2025-06-19 20:53:08'),
('602', 'clientes', 'CONSULTA_LISTADO', '1', '2025-06-19 20:53:12', '2025-06-19 20:53:12'),
('603', 'clientes', 'CREAR_CLIENTE', '1', '2025-06-19 20:53:20', '2025-06-19 20:53:20'),
('604', 'clientes', 'CONSULTA_LISTADO', '1', '2025-06-19 20:53:21', '2025-06-19 20:53:21'),
('605', 'clientes', 'VER_CLIENTE', '1', '2025-06-19 20:53:26', '2025-06-19 20:53:26'),
('606', 'clientes', 'VER_CLIENTE', '1', '2025-06-19 20:53:28', '2025-06-19 20:53:28'),
('607', 'clientes', 'VER_CLIENTE', '1', '2025-06-19 20:53:30', '2025-06-19 20:53:30'),
('608', 'clientes', 'VER_CLIENTE', '1', '2025-06-19 20:53:41', '2025-06-19 20:53:41'),
('609', 'clientes', 'ACCESO_MODULO', '1', '2025-06-19 20:58:35', '2025-06-19 20:58:35'),
('610', 'clientes', 'CONSULTA_LISTADO', '1', '2025-06-19 20:58:38', '2025-06-19 20:58:38'),
('611', 'clientes', 'VER_CLIENTE', '1', '2025-06-19 20:58:43', '2025-06-19 20:58:43'),
('612', 'clientes', 'ACCESO_MODULO', '1', '2025-06-19 20:59:21', '2025-06-19 20:59:21'),
('613', 'clientes', 'CONSULTA_LISTADO', '1', '2025-06-19 20:59:25', '2025-06-19 20:59:25'),
('614', 'clientes', 'VER_CLIENTE', '1', '2025-06-19 20:59:28', '2025-06-19 20:59:28'),
('615', 'clientes', 'ACTUALIZAR_CLIENTE', '1', '2025-06-19 20:59:37', '2025-06-19 20:59:37'),
('616', 'clientes', 'CONSULTA_LISTADO', '1', '2025-06-19 20:59:38', '2025-06-19 20:59:38'),
('617', 'clientes', 'ELIMINAR_CLIENTE', '1', '2025-06-19 20:59:42', '2025-06-19 20:59:42'),
('618', 'clientes', 'CONSULTA_LISTADO', '1', '2025-06-19 20:59:43', '2025-06-19 20:59:43'),
('619', 'clientes', 'ACCESO_MODULO', '1', '2025-06-19 21:01:14', '2025-06-19 21:01:14'),
('620', 'clientes', 'ACCESO_MODULO', '1', '2025-06-19 21:01:24', '2025-06-19 21:01:24'),
('621', 'clientes', 'CONSULTA_LISTADO', '1', '2025-06-19 21:01:26', '2025-06-19 21:01:26'),
('622', 'clientes', 'ACCESO_MODULO', '1', '2025-06-19 21:06:02', '2025-06-19 21:06:02'),
('623', 'clientes', 'CONSULTA_LISTADO', '1', '2025-06-19 21:06:29', '2025-06-19 21:06:29'),
('624', 'clientes', 'ACCESO_MODULO', '1', '2025-06-19 21:06:46', '2025-06-19 21:06:46'),
('625', 'clientes', 'CONSULTA_LISTADO', '1', '2025-06-19 21:06:49', '2025-06-19 21:06:49'),
('626', 'clientes', 'ACCESO_MODULO', '1', '2025-06-19 21:11:52', '2025-06-19 21:11:52'),
('627', 'clientes', 'ACCESO_MODULO', '1', '2025-06-19 21:15:27', '2025-06-19 21:15:27'),
('628', 'clientes', 'ACCESO_MODULO', '1', '2025-06-19 21:15:36', '2025-06-19 21:15:36'),
('629', 'clientes', 'ACCESO_MODULO', '1', '2025-06-19 21:15:41', '2025-06-19 21:15:41'),
('630', 'clientes', 'CONSULTA_LISTADO', '1', '2025-06-19 21:15:43', '2025-06-19 21:15:43'),
('631', 'clientes', 'ACCESO_MODULO', '1', '2025-06-19 21:21:17', '2025-06-19 21:21:17'),
('632', 'clientes', 'CONSULTA_LISTADO', '1', '2025-06-19 21:21:20', '2025-06-19 21:21:20'),
('633', 'clientes', 'EXPORTAR_CLIENTES', '1', '2025-06-19 21:21:21', '2025-06-19 21:21:21'),
('634', 'clientes', 'EXPORTAR_CLIENTES', '1', '2025-06-19 21:21:25', '2025-06-19 21:21:25'),
('635', 'clientes', 'ACCESO_MODULO', '1', '2025-06-19 21:22:57', '2025-06-19 21:22:57'),
('636', 'clientes', 'CONSULTA_LISTADO', '1', '2025-06-19 21:22:58', '2025-06-19 21:22:58'),
('637', 'clientes', 'ACCESO_MODULO', '1', '2025-06-19 21:24:10', '2025-06-19 21:24:10'),
('638', 'clientes', 'CONSULTA_LISTADO', '1', '2025-06-19 21:24:11', '2025-06-19 21:24:11'),
('639', 'clientes', 'ACCESO_MODULO', '1', '2025-06-19 21:24:45', '2025-06-19 21:24:45'),
('640', 'clientes', 'CONSULTA_LISTADO', '1', '2025-06-19 21:24:49', '2025-06-19 21:24:49'),
('641', 'clientes', 'ACCESO_MODULO', '1', '2025-06-19 21:27:00', '2025-06-19 21:27:00'),
('642', 'clientes', 'CONSULTA_LISTADO', '1', '2025-06-19 21:27:02', '2025-06-19 21:27:02'),
('643', 'clientes', 'EXPORTAR_CLIENTES', '1', '2025-06-19 21:27:04', '2025-06-19 21:27:04'),
('644', 'clientes', 'ACCESO_MODULO', '1', '2025-06-19 21:55:04', '2025-06-19 21:55:04'),
('645', 'clientes', 'CONSULTA_LISTADO', '1', '2025-06-19 21:55:05', '2025-06-19 21:55:05'),
('646', 'clientes', 'ACCESO_MODULO', '1', '2025-06-19 21:55:19', '2025-06-19 21:55:19'),
('647', 'clientes', 'CONSULTA_LISTADO', '1', '2025-06-19 21:55:19', '2025-06-19 21:55:19'),
('648', 'clientes', 'ACCESO_MODULO', '1', '2025-06-19 21:55:35', '2025-06-19 21:55:35'),
('649', 'clientes', 'CONSULTA_LISTADO', '1', '2025-06-19 21:55:35', '2025-06-19 21:55:35'),
('650', 'clientes', 'ACCESO_MODULO', '1', '2025-06-19 21:55:50', '2025-06-19 21:55:50'),
('651', 'clientes', 'CONSULTA_LISTADO', '1', '2025-06-19 21:55:51', '2025-06-19 21:55:51'),
('652', 'clientes', 'ACCESO_MODULO', '1', '2025-06-19 22:01:10', '2025-06-19 22:01:10'),
('653', 'clientes', 'CONSULTA_LISTADO', '1', '2025-06-19 22:01:12', '2025-06-19 22:01:12'),
('654', 'movimientos', 'ACCESO_MODULO', '1', '2025-06-19 22:10:38', '2025-06-19 22:10:38'),
('655', 'movimientos', 'ACCESO_MODULO', '1', '2025-06-19 22:23:58', '2025-06-19 22:23:58'),
('656', 'movimientos', 'ACCESO_MODULO', '1', '2025-06-19 22:31:58', '2025-06-19 22:31:58'),
('657', 'movimientos', 'ACCESO_MODULO', '1', '2025-06-19 22:37:57', '2025-06-19 22:37:57'),
('658', 'movimientos', 'ACCESO_MODULO', '1', '2025-06-19 22:43:18', '2025-06-19 22:43:18'),
('659', 'movimientos', 'ACCESO_MODULO', '1', '2025-06-19 22:43:58', '2025-06-19 22:43:58'),
('660', 'movimientos', 'ACCESO_MODULO', '1', '2025-06-19 22:44:32', '2025-06-19 22:44:32'),
('661', 'movimientos', 'ACCESO_MODULO', '1', '2025-06-19 22:45:55', '2025-06-19 22:45:55'),
('662', 'movimientos', 'ACCESO_MODULO', '1', '2025-06-19 22:46:40', '2025-06-19 22:46:40'),
('663', 'movimientos', 'ACCESO_MODULO', '1', '2025-06-19 22:46:59', '2025-06-19 22:46:59'),
('664', 'movimientos', 'ACCESO_MODULO', '1', '2025-06-19 22:57:38', '2025-06-19 22:57:38'),
('665', 'movimientos', 'ACCESO_MODULO', '1', '2025-06-19 22:57:53', '2025-06-19 22:57:53'),
('666', 'movimientos', 'ACCESO_MODULO', '1', '2025-06-19 22:58:35', '2025-06-19 22:58:35'),
('667', 'movimientos', 'ACCESO_MODULO', '1', '2025-06-19 23:05:16', '2025-06-19 23:05:16'),
('668', 'movimientos', 'ACCESO_MODULO', '1', '2025-06-19 23:11:51', '2025-06-19 23:11:51'),
('669', 'movimientos', 'ACCESO_MODULO', '1', '2025-06-19 23:19:18', '2025-06-19 23:19:18'),
('670', 'movimientos', 'ACCESO_MODULO', '1', '2025-06-19 23:24:42', '2025-06-19 23:24:42'),
('671', 'movimientos', 'ACCESO_MODULO', '1', '2025-06-19 23:25:19', '2025-06-19 23:25:19'),
('672', 'movimientos', 'ACCESO_MODULO', '1', '2025-06-19 23:28:18', '2025-06-19 23:28:18'),
('673', 'movimientos', 'ACCESO_MODULO', '1', '2025-06-19 23:28:57', '2025-06-19 23:28:57'),
('674', 'movimientos', 'ACCESO_MODULO', '1', '2025-06-19 23:33:12', '2025-06-19 23:33:12'),
('675', 'movimientos', 'ACCESO_MODULO', '1', '2025-06-19 23:35:55', '2025-06-19 23:35:55'),
('676', 'movimientos', 'ACCESO_MODULO', '1', '2025-06-19 23:55:30', '2025-06-19 23:55:30'),
('677', 'movimientos', 'ACCESO_MODULO', '1', '2025-06-20 07:58:52', '2025-06-20 07:58:52'),
('678', 'clientes', 'ACCESO_MODULO', '1', '2025-06-20 08:00:14', '2025-06-20 08:00:14'),
('679', 'clientes', 'CONSULTA_LISTADO', '1', '2025-06-20 08:00:15', '2025-06-20 08:00:15'),
('680', 'bitacora', 'ACCESO_MODULO', '1', '2025-06-20 08:10:38', '2025-06-20 08:10:38'),
('681', 'movimientos', 'ACCESO_MODULO', '1', '2025-06-20 08:26:33', '2025-06-20 08:26:33'),
('682', 'movimientos', 'ACCESO_MODULO', '1', '2025-06-20 08:29:26', '2025-06-20 08:29:26'),
('683', 'movimientos', 'ACCESO_MODULO', '1', '2025-06-20 08:30:03', '2025-06-20 08:30:03'),
('684', 'productos', 'ACCESO_MODULO', '1', '2025-06-20 08:30:22', '2025-06-20 08:30:22'),
('685', 'movimientos', 'ACCESO_MODULO', '1', '2025-06-20 08:30:35', '2025-06-20 08:30:35'),
('686', 'ventas', 'ACCESO_MODULO', '1', '2025-06-20 08:30:44', '2025-06-20 08:30:44'),
('687', 'ventas', 'CONSULTA_DATOS', '1', '2025-06-20 08:30:45', '2025-06-20 08:30:45'),
('688', 'clientes', 'ACCESO_MODULO', '1', '2025-06-20 08:30:48', '2025-06-20 08:30:48'),
('689', 'clientes', 'CONSULTA_LISTADO', '1', '2025-06-20 08:30:49', '2025-06-20 08:30:49'),
('690', 'usuarios', 'ACCESO_MODULO', '1', '2025-06-20 08:30:53', '2025-06-20 08:30:53'),
('691', 'usuarios', 'CONSULTA_LISTADO', '1', '2025-06-20 08:30:54', '2025-06-20 08:30:54'),
('692', 'roles', 'ACCESO_MODULO', '1', '2025-06-20 08:31:02', '2025-06-20 08:31:02'),
('693', 'roles', 'CONSULTA', '1', '2025-06-20 08:31:03', '2025-06-20 08:31:03'),
('694', 'productos', 'ACCESO_MODULO', '1', '2025-06-20 08:39:04', '2025-06-20 08:39:04'),
('695', 'productos', 'ACCESO_MODULO', '1', '2025-06-20 08:39:28', '2025-06-20 08:39:28'),
('696', 'productos', 'ACCESO_MODULO', '1', '2025-06-20 08:39:28', '2025-06-20 08:39:28'),
('697', 'productos', 'ACCESO_MODULO', '1', '2025-06-20 08:39:29', '2025-06-20 08:39:29'),
('698', 'productos', 'ACCESO_MODULO', '1', '2025-06-20 08:39:30', '2025-06-20 08:39:30'),
('699', 'productos', 'ACCESO_MODULO', '1', '2025-06-20 08:39:52', '2025-06-20 08:39:52'),
('700', 'productos', 'ACCESO_MODULO', '1', '2025-06-20 08:41:03', '2025-06-20 08:41:03'),
('701', 'productos', 'ACCESO_MODULO', '1', '2025-06-20 08:49:27', '2025-06-20 08:49:27'),
('702', 'productos', 'ACCESO_MODULO', '1', '2025-06-20 08:49:46', '2025-06-20 08:49:46'),
('703', 'productos', 'ACCESO_MODULO', '1', '2025-06-20 08:50:59', '2025-06-20 08:50:59'),
('704', 'productos', 'ACCESO_MODULO', '1', '2025-06-20 08:52:45', '2025-06-20 08:52:45'),
('705', 'productos', 'ACCESO_MODULO', '1', '2025-06-20 08:54:48', '2025-06-20 08:54:48'),
('706', 'productos', 'ACCESO_MODULO', '1', '2025-06-20 08:56:43', '2025-06-20 08:56:43'),
('707', 'productos', 'CREAR_PRODUCTO', '1', '2025-06-20 08:57:49', '2025-06-20 08:57:49'),
('708', 'productos', 'ACCESO_MODULO', '1', '2025-06-20 08:58:12', '2025-06-20 08:58:12'),
('709', 'movimientos', 'ACCESO_MODULO', '1', '2025-06-20 08:58:38', '2025-06-20 08:58:38'),
('710', 'movimientos', 'ACCESO_MODULO', '1', '2025-06-20 08:58:41', '2025-06-20 08:58:41'),
('711', 'movimientos', 'ACCESO_MODULO', '1', '2025-06-20 09:02:52', '2025-06-20 09:02:52'),
('712', 'movimientos', 'ACCESO_MODULO', '1', '2025-06-20 09:03:02', '2025-06-20 09:03:02'),
('713', 'productos', 'ACCESO_MODULO', '1', '2025-06-20 09:03:39', '2025-06-20 09:03:39'),
('714', 'pagos', 'ACCESO_MODULO', '1', '2025-06-20 09:06:19', '2025-06-20 09:06:19'),
('715', 'pagos', 'ACCESO_MODULO', '1', '2025-06-20 09:07:58', '2025-06-20 09:07:58'),
('716', 'pagos', 'ACCESO_MODULO', '1', '2025-06-20 09:20:46', '2025-06-20 09:20:46'),
('717', 'pagos', 'ACCESO_MODULO', '1', '2025-06-20 09:22:54', '2025-06-20 09:22:54'),
('718', 'pagos', 'CREAR_PAGO', '1', '2025-06-20 09:23:34', '2025-06-20 09:23:34'),
('719', 'pagos', 'CONCILIAR_PAGO', '1', '2025-06-20 09:23:46', '2025-06-20 09:23:46'),
('720', 'pagos', 'ACCESO_MODULO', '1', '2025-06-20 09:24:19', '2025-06-20 09:24:19'),
('721', 'pagos', 'CREAR_PAGO', '1', '2025-06-20 09:24:48', '2025-06-20 09:24:48'),
('722', 'pagos', 'ACCESO_MODULO', '1', '2025-06-20 09:31:22', '2025-06-20 09:31:22'),
('723', 'pagos', 'ACCESO_MODULO', '1', '2025-06-20 09:32:37', '2025-06-20 09:32:37'),
('724', 'pagos', 'ACCESO_MODULO', '1', '2025-06-20 09:33:54', '2025-06-20 09:33:54'),
('725', 'pagos', 'CREAR_PAGO', '1', '2025-06-20 09:34:43', '2025-06-20 09:34:43'),
('726', 'ventas', 'ACCESO_MODULO', '1', '2025-06-20 10:14:19', '2025-06-20 10:14:19'),
('727', 'ventas', 'CONSULTA_DATOS', '1', '2025-06-20 10:14:19', '2025-06-20 10:14:19'),
('728', 'clientes', 'ACCESO_MODULO', '1', '2025-06-20 10:14:21', '2025-06-20 10:14:21'),
('729', 'clientes', 'CONSULTA_LISTADO', '1', '2025-06-20 10:14:22', '2025-06-20 10:14:22'),
('730', 'bitacora', 'ACCESO_MODULO', '1', '2025-06-20 10:14:26', '2025-06-20 10:14:26'),
('731', 'bitacora', 'ACCESO_MODULO', '1', '2025-06-20 10:15:01', '2025-06-20 10:15:01'),
('732', 'bitacora', 'LIMPIEZA', '1', '2025-06-20 10:15:17', '2025-06-20 10:15:17'),
('733', 'bitacora', 'ACCESO_MODULO', '1', '2025-06-20 10:15:46', '2025-06-20 10:15:46'),
('734', 'bitacora', 'ACCESO_MODULO', '1', '2025-06-20 10:25:12', '2025-06-20 10:25:12'),
('735', 'movimientos', 'ACCESO_MODULO', '1', '2025-06-21 15:54:13', '2025-06-21 15:54:13'),
('736', 'proveedor', 'INSERTAR', '1', '2025-06-23 19:06:57', '2025-06-23 19:06:57'),
('737', 'pagos', 'ACCESO_MODULO', '1', '2025-06-23 20:12:51', '2025-06-23 20:12:51'),
('738', 'pagos', 'ACCESO_MODULO', '1', '2025-06-23 20:13:00', '2025-06-23 20:13:00'),
('739', 'pagos', 'ACCESO_MODULO', '1', '2025-06-23 20:21:14', '2025-06-23 20:21:14'),
('740', 'pagos', 'ACCESO_MODULO', '1', '2025-06-23 20:22:29', '2025-06-23 20:22:29'),
('741', 'pagos', 'ACCESO_MODULO', '1', '2025-06-23 20:22:53', '2025-06-23 20:22:53'),
('742', 'pagos', 'ACCESO_MODULO', '1', '2025-06-23 20:23:41', '2025-06-23 20:23:41'),
('743', 'pagos', 'ACCESO_MODULO', '1', '2025-06-23 20:24:00', '2025-06-23 20:24:00'),
('744', 'pagos', 'ACCESO_MODULO', '1', '2025-06-23 20:25:33', '2025-06-23 20:25:33'),
('745', 'pagos', 'CREAR_PAGO', '1', '2025-06-23 20:26:11', '2025-06-23 20:26:11'),
('746', 'pagos', 'ACCESO_MODULO', '1', '2025-06-23 20:28:07', '2025-06-23 20:28:07'),
('747', 'pagos', 'ACCESO_MODULO', '1', '2025-06-23 20:42:12', '2025-06-23 20:42:12'),
('748', 'pagos', 'ACCESO_MODULO', '1', '2025-06-23 20:45:44', '2025-06-23 20:45:44'),
('749', 'pagos', 'ACCESO_MODULO', '1', '2025-06-23 20:46:13', '2025-06-23 20:46:13'),
('750', 'pagos', 'ACCESO_MODULO', '1', '2025-06-23 20:51:00', '2025-06-23 20:51:00'),
('751', 'productos', 'ACCESO_MODULO', '1', '2025-06-23 20:54:41', '2025-06-23 20:54:41'),
('752', 'movimientos', 'ACCESO_MODULO', '1', '2025-06-23 20:55:42', '2025-06-23 20:55:42'),
('753', 'pagos', 'ACCESO_MODULO', '1', '2025-06-23 20:56:53', '2025-06-23 20:56:53'),
('754', 'pagos', 'ACCESO_MODULO', '1', '2025-06-23 20:57:27', '2025-06-23 20:57:27'),
('755', 'pagos', 'ACCESO_MODULO', '1', '2025-06-23 21:01:41', '2025-06-23 21:01:41'),
('756', 'pagos', 'ACCESO_MODULO', '1', '2025-06-23 21:03:30', '2025-06-23 21:03:30'),
('757', 'pagos', 'ACCESO_MODULO', '1', '2025-06-23 21:05:07', '2025-06-23 21:05:07'),
('758', 'pagos', 'ACCESO_MODULO', '1', '2025-06-23 21:07:42', '2025-06-23 21:07:42'),
('759', 'pagos', 'ACCESO_MODULO', '1', '2025-06-23 21:10:51', '2025-06-23 21:10:51'),
('760', 'pagos', 'CONCILIAR_PAGO', '1', '2025-06-23 21:10:58', '2025-06-23 21:10:58'),
('761', 'pagos', 'ACCESO_MODULO', '1', '2025-06-23 21:12:31', '2025-06-23 21:12:31'),
('762', 'movimientos', 'ACCESO_MODULO', '1', '2025-06-23 21:14:02', '2025-06-23 21:14:02'),
('763', 'productos', 'ACCESO_MODULO', '1', '2025-06-23 21:14:26', '2025-06-23 21:14:26'),
('764', 'pagos', 'ACCESO_MODULO', '1', '2025-06-23 21:17:36', '2025-06-23 21:17:36'),
('765', 'pagos', 'ACCESO_MODULO', '1', '2025-06-23 21:17:42', '2025-06-23 21:17:42'),
('766', 'pagos', 'CREAR_PAGO', '1', '2025-06-23 21:17:58', '2025-06-23 21:17:58'),
('767', 'pagos', 'CONCILIAR_PAGO', '1', '2025-06-23 21:18:11', '2025-06-23 21:18:11'),
('768', 'pagos', 'ACCESO_MODULO', '1', '2025-06-23 21:19:24', '2025-06-23 21:19:24'),
('769', 'pagos', 'ACCESO_MODULO', '1', '2025-06-23 21:19:59', '2025-06-23 21:19:59'),
('770', 'movimientos', 'ACCESO_MODULO', '1', '2025-06-23 21:20:01', '2025-06-23 21:20:01'),
('771', 'movimientos', 'ACCESO_MODULO', '1', '2025-06-23 21:21:00', '2025-06-23 21:21:00'),
('772', 'pagos', 'ACCESO_MODULO', '1', '2025-06-23 21:54:06', '2025-06-23 21:54:06'),
('773', 'pagos', 'ACCESO_MODULO', '1', '2025-06-23 21:56:24', '2025-06-23 21:56:24'),
('774', 'pagos', 'CREAR_PAGO', '1', '2025-06-23 21:56:43', '2025-06-23 21:56:43'),
('775', 'pagos', 'CONCILIAR_PAGO', '1', '2025-06-23 21:56:56', '2025-06-23 21:56:56'),
('776', 'pagos', 'ACCESO_MODULO', '1', '2025-06-23 21:57:25', '2025-06-23 21:57:25'),
('777', 'pagos', 'ACCESO_MODULO', '1', '2025-06-23 21:59:31', '2025-06-23 21:59:31'),
('778', 'pagos', 'CREAR_PAGO', '1', '2025-06-23 21:59:51', '2025-06-23 21:59:51'),
('779', 'pagos', 'ACCESO_MODULO', '1', '2025-06-23 22:00:49', '2025-06-23 22:00:49'),
('780', 'pagos', 'CONCILIAR_PAGO', '1', '2025-06-23 22:00:54', '2025-06-23 22:00:54'),
('781', 'movimientos', 'ACCESO_MODULO', '1', '2025-06-23 22:00:59', '2025-06-23 22:00:59'),
('782', 'movimientos', 'ACCESO_MODULO', '1', '2025-06-23 22:01:26', '2025-06-23 22:01:26'),
('783', 'productos', 'ACCESO_MODULO', '1', '2025-06-23 22:03:55', '2025-06-23 22:03:55'),
('784', 'productos', 'ACCESO_MODULO', '1', '2025-06-23 22:06:04', '2025-06-23 22:06:04'),
('785', 'pagos', 'ACCESO_MODULO', '1', '2025-06-23 22:07:37', '2025-06-23 22:07:37'),
('786', 'pagos', 'CREAR_PAGO', '1', '2025-06-23 22:08:01', '2025-06-23 22:08:01'),
('787', 'pagos', 'CONCILIAR_PAGO', '1', '2025-06-23 22:08:06', '2025-06-23 22:08:06'),
('788', 'pagos', 'ACCESO_MODULO', '1', '2025-06-23 22:08:19', '2025-06-23 22:08:19'),
('789', 'pagos', 'CREAR_PAGO', '1', '2025-06-23 22:08:33', '2025-06-23 22:08:33'),
('790', 'pagos', 'CONCILIAR_PAGO', '1', '2025-06-23 22:08:38', '2025-06-23 22:08:38'),
('791', 'movimientos', 'ACCESO_MODULO', '1', '2025-06-23 22:08:46', '2025-06-23 22:08:46'),
('792', 'productos', 'ACCESO_MODULO', '1', '2025-06-23 22:09:04', '2025-06-23 22:09:04'),
('793', 'movimientos', 'ACCESO_MODULO', '1', '2025-06-23 22:12:39', '2025-06-23 22:12:39'),
('794', 'movimientos', 'ACCESO_MODULO', '1', '2025-06-23 22:21:01', '2025-06-23 22:21:01'),
('795', 'pagos', 'ACCESO_MODULO', '1', '2025-06-23 22:34:57', '2025-06-23 22:34:57'),
('796', 'pagos', 'ACCESO_MODULO', '1', '2025-06-23 22:36:31', '2025-06-23 22:36:31'),
('797', 'pagos', 'ACCESO_MODULO', '1', '2025-06-23 22:37:12', '2025-06-23 22:37:12'),
('798', 'pagos', 'ACCESO_MODULO', '1', '2025-06-23 22:46:29', '2025-06-23 22:46:29'),
('799', 'pagos', 'ACCESO_MODULO', '1', '2025-06-23 22:46:55', '2025-06-23 22:46:55'),
('800', 'pagos', 'CREAR_PAGO', '1', '2025-06-23 22:47:52', '2025-06-23 22:47:52'),
('801', 'pagos', 'CONCILIAR_PAGO', '1', '2025-06-23 22:47:58', '2025-06-23 22:47:58'),
('802', 'pagos', 'ACCESO_MODULO', '1', '2025-06-23 22:50:11', '2025-06-23 22:50:11'),
('803', 'pagos', 'ACCESO_MODULO', '1', '2025-06-23 22:51:10', '2025-06-23 22:51:10'),
('804', 'pagos', 'CREAR_PAGO', '1', '2025-06-23 22:51:24', '2025-06-23 22:51:24'),
('805', 'pagos', 'ACCESO_MODULO', '1', '2025-06-23 22:51:39', '2025-06-23 22:51:39'),
('806', 'pagos', 'CONCILIAR_PAGO', '1', '2025-06-23 22:51:45', '2025-06-23 22:51:45'),
('807', 'pagos', 'ACCESO_MODULO', '1', '2025-06-23 23:00:13', '2025-06-23 23:00:13'),
('808', 'pagos', 'ACCESO_MODULO', '1', '2025-06-23 23:02:38', '2025-06-23 23:02:38'),
('809', 'pagos', 'ACCESO_MODULO', '1', '2025-06-23 23:02:53', '2025-06-23 23:02:53'),
('810', 'pagos', 'ACCESO_MODULO', '1', '2025-06-23 23:04:57', '2025-06-23 23:04:57'),
('811', 'pagos', 'ACCESO_MODULO', '1', '2025-06-23 23:05:41', '2025-06-23 23:05:41'),
('812', 'pagos', 'CREAR_PAGO', '1', '2025-06-23 23:05:54', '2025-06-23 23:05:54'),
('813', 'pagos', 'ACCESO_MODULO', '1', '2025-06-23 23:07:54', '2025-06-23 23:07:54'),
('814', 'pagos', 'ACCESO_MODULO', '1', '2025-06-23 23:20:33', '2025-06-23 23:20:33'),
('815', 'pagos', 'ACTUALIZAR_PAGO', '1', '2025-06-23 23:20:46', '2025-06-23 23:20:46'),
('816', 'pagos', 'CREAR_PAGO', '1', '2025-06-23 23:21:09', '2025-06-23 23:21:09'),
('817', 'pagos', 'ELIMINAR_PAGO', '1', '2025-06-23 23:21:14', '2025-06-23 23:21:14'),
('818', 'pagos', 'CONCILIAR_PAGO', '1', '2025-06-23 23:21:20', '2025-06-23 23:21:20'),
('819', 'productos', 'ACCESO_MODULO', '1', '2025-06-24 09:58:39', '2025-06-24 09:58:39'),
('820', 'bitacora', 'ACCESO_MODULO', '1', '2025-06-24 09:59:32', '2025-06-24 09:59:32'),
('821', 'bitacora', 'LIMPIEZA', '1', '2025-06-24 10:00:45', '2025-06-24 10:00:45'),
('822', 'roles', 'ACCESO_MODULO', '1', '2025-06-24 10:01:15', '2025-06-24 10:01:15'),
('823', 'roles', 'CONSULTA', '1', '2025-06-24 10:01:15', '2025-06-24 10:01:15'),
('824', 'usuarios', 'ACCESO_MODULO', '1', '2025-06-24 10:01:19', '2025-06-24 10:01:19'),
('825', 'usuarios', 'CONSULTA_LISTADO', '1', '2025-06-24 10:01:20', '2025-06-24 10:01:20'),
('826', 'usuarios', 'EXPORTAR_USUARIOS', '1', '2025-06-24 10:01:25', '2025-06-24 10:01:25'),
('827', 'ventas', 'ACCESO_MODULO', '1', '2025-06-24 10:03:44', '2025-06-24 10:03:44'),
('828', 'ventas', 'CONSULTA_DATOS', '1', '2025-06-24 10:03:45', '2025-06-24 10:03:45'),
('829', 'ventas', 'CONSULTA_MONEDAS', '1', '2025-06-24 10:03:49', '2025-06-24 10:03:49'),
('830', 'ventas', 'VER_DETALLE', '1', '2025-06-24 10:04:08', '2025-06-24 10:04:08'),
('831', 'clientes', 'ACCESO_MODULO', '1', '2025-06-24 10:04:16', '2025-06-24 10:04:16'),
('832', 'clientes', 'CONSULTA_LISTADO', '1', '2025-06-24 10:04:16', '2025-06-24 10:04:16'),
('833', 'pagos', 'ACCESO_MODULO', '1', '2025-06-24 18:28:00', '2025-06-24 18:28:00'),
('834', 'pagos', 'ACCESO_MODULO', '1', '2025-06-24 19:56:49', '2025-06-24 19:56:49'),
('835', 'pagos', 'ACCESO_MODULO', '1', '2025-06-24 21:00:56', '2025-06-24 21:00:56'),
('836', 'pagos', 'CREAR_PAGO', '1', '2025-06-24 21:01:14', '2025-06-24 21:01:14'),
('837', 'pagos', 'CONCILIAR_PAGO', '1', '2025-06-24 21:01:18', '2025-06-24 21:01:18'),
('838', 'productos', 'ACCESO_MODULO', '1', '2025-06-24 21:02:28', '2025-06-24 21:02:28'),
('839', 'productos', 'CREAR_PRODUCTO', '1', '2025-06-24 21:02:55', '2025-06-24 21:02:55'),
('840', 'pagos', 'ACCESO_MODULO', '1', '2025-06-24 21:03:48', '2025-06-24 21:03:48'),
('841', 'pagos', 'CREAR_PAGO', '1', '2025-06-24 21:04:03', '2025-06-24 21:04:03'),
('842', 'pagos', 'CONCILIAR_PAGO', '1', '2025-06-24 21:04:07', '2025-06-24 21:04:07'),
('843', 'pagos', 'ACCESO_MODULO', '1', '2025-06-24 21:04:29', '2025-06-24 21:04:29'),
('844', 'productos', 'ACCESO_MODULO', '1', '2025-06-24 21:04:46', '2025-06-24 21:04:46'),
('845', 'compras', 'ACCESO_MODULO', '1', '2025-06-25 17:23:41', '2025-06-25 17:23:41'),
('846', 'compras', 'ACCESO_MODULO', '1', '2025-06-25 17:23:47', '2025-06-25 17:23:47'),
('847', 'compras', 'CONSULTA_LISTADO', '1', '2025-06-25 17:23:50', '2025-06-25 17:23:50'),
('848', 'compras', 'ACCESO_MODULO', '1', '2025-06-25 17:26:38', '2025-06-25 17:26:38'),
('849', 'compras', 'CONSULTA_LISTADO', '1', '2025-06-25 17:26:43', '2025-06-25 17:26:43'),
('850', 'compras', 'ELIMINAR_COMPRA', '1', '2025-06-25 17:26:56', '2025-06-25 17:26:56'),
('851', 'usuarios', 'ACCESO_MODULO', '1', '2025-06-25 17:27:02', '2025-06-25 17:27:02'),
('852', 'usuarios', 'CONSULTA_LISTADO', '1', '2025-06-25 17:27:04', '2025-06-25 17:27:04'),
('853', 'proveedor', 'ACCESO_MODULO', '1', '2025-06-25 17:27:11', '2025-06-25 17:27:11'),
('854', 'bitacora', 'ACCESO_MODULO', '1', '2025-06-25 17:27:17', '2025-06-25 17:27:17'),
('855', 'compras', 'ACCESO_MODULO', '1', '2025-06-25 17:31:41', '2025-06-25 17:31:41'),
('856', 'compras', 'CONSULTA_LISTADO', '1', '2025-06-25 17:31:43', '2025-06-25 17:31:43'),
('857', 'compras', 'ACCESO_MODULO', '1', '2025-06-25 17:39:03', '2025-06-25 17:39:03'),
('858', 'compras', 'ACCESO_MODULO', '1', '2025-06-25 17:39:10', '2025-06-25 17:39:10'),
('859', 'compras', 'ACCESO_MODULO', '1', '2025-06-25 17:42:13', '2025-06-25 17:42:13'),
('860', 'compras', 'CONSULTA_LISTADO', '1', '2025-06-25 17:42:15', '2025-06-25 17:42:15'),
('861', 'compras', 'ACCESO_MODULO', '1', '2025-06-25 17:42:56', '2025-06-25 17:42:56'),
('862', 'compras', 'CONSULTA_LISTADO', '1', '2025-06-25 17:42:57', '2025-06-25 17:42:57'),
('863', 'compras', 'ACCESO_MODULO', '1', '2025-06-25 17:43:57', '2025-06-25 17:43:57'),
('864', 'compras', 'CONSULTA_LISTADO', '1', '2025-06-25 17:43:58', '2025-06-25 17:43:58'),
('865', 'compras', 'ACCESO_MODULO', '1', '2025-06-25 17:48:43', '2025-06-25 17:48:43'),
('866', 'compras', 'CONSULTA_LISTADO', '1', '2025-06-25 17:48:44', '2025-06-25 17:48:44'),
('867', 'compras', 'ACCESO_MODULO', '1', '2025-06-25 17:49:14', '2025-06-25 17:49:14'),
('868', 'compras', 'CONSULTA_LISTADO', '1', '2025-06-25 17:49:15', '2025-06-25 17:49:15'),
('869', 'compras', 'ACCESO_MODULO', '1', '2025-06-25 17:49:38', '2025-06-25 17:49:38'),
('870', 'compras', 'CONSULTA_LISTADO', '1', '2025-06-25 17:49:39', '2025-06-25 17:49:39'),
('871', 'compras', 'ACCESO_MODULO', '1', '2025-06-25 17:50:14', '2025-06-25 17:50:14'),
('872', 'compras', 'CONSULTA_LISTADO', '1', '2025-06-25 17:50:15', '2025-06-25 17:50:15'),
('873', 'compras', 'ACCESO_MODULO', '1', '2025-06-25 17:52:44', '2025-06-25 17:52:44'),
('874', 'compras', 'CONSULTA_LISTADO', '1', '2025-06-25 17:52:45', '2025-06-25 17:52:45'),
('875', 'compras', 'CAMBIAR_ESTADO', '1', '2025-06-25 17:52:50', '2025-06-25 17:52:50'),
('876', 'compras', 'CONSULTA_LISTADO', '1', '2025-06-25 17:52:50', '2025-06-25 17:52:50'),
('877', 'compras', 'ACCESO_MODULO', '1', '2025-06-25 17:58:26', '2025-06-25 17:58:26'),
('878', 'compras', 'CONSULTA_LISTADO', '1', '2025-06-25 17:58:27', '2025-06-25 17:58:27'),
('879', 'pagos', 'ACCESO_MODULO', '1', '2025-06-25 17:58:43', '2025-06-25 17:58:43'),
('880', 'compras', 'ACCESO_MODULO', '1', '2025-06-25 17:59:09', '2025-06-25 17:59:09'),
('881', 'compras', 'CONSULTA_LISTADO', '1', '2025-06-25 17:59:10', '2025-06-25 17:59:10'),
('882', 'compras', 'CAMBIAR_ESTADO', '1', '2025-06-25 17:59:17', '2025-06-25 17:59:17'),
('883', 'compras', 'CONSULTA_LISTADO', '1', '2025-06-25 17:59:17', '2025-06-25 17:59:17'),
('884', 'compras', 'CAMBIAR_ESTADO', '1', '2025-06-25 17:59:20', '2025-06-25 17:59:20'),
('885', 'compras', 'CONSULTA_LISTADO', '1', '2025-06-25 17:59:21', '2025-06-25 17:59:21'),
('886', 'compras', 'CAMBIAR_ESTADO', '1', '2025-06-25 17:59:23', '2025-06-25 17:59:23'),
('887', 'compras', 'CONSULTA_LISTADO', '1', '2025-06-25 17:59:23', '2025-06-25 17:59:23'),
('888', 'compras', 'VER_EDITAR', '1', '2025-06-25 18:01:19', '2025-06-25 18:01:19'),
('889', 'compras', 'VER_EDITAR', '1', '2025-06-25 18:01:22', '2025-06-25 18:01:22'),
('890', 'compras', 'VER_EDITAR', '1', '2025-06-25 18:01:24', '2025-06-25 18:01:24'),
('891', 'compras', 'VER_EDITAR', '1', '2025-06-25 18:02:20', '2025-06-25 18:02:20'),
('892', 'compras', 'ACCESO_MODULO', '1', '2025-06-25 18:04:03', '2025-06-25 18:04:03'),
('893', 'compras', 'CONSULTA_LISTADO', '1', '2025-06-25 18:04:04', '2025-06-25 18:04:04'),
('894', 'compras', 'ACCESO_MODULO', '1', '2025-06-25 18:04:20', '2025-06-25 18:04:20'),
('895', 'compras', 'CONSULTA_LISTADO', '1', '2025-06-25 18:04:21', '2025-06-25 18:04:21'),
('896', 'compras', 'VER_DETALLE', '1', '2025-06-25 18:04:24', '2025-06-25 18:04:24'),
('897', 'compras', 'ACCESO_MODULO', '1', '2025-06-25 18:06:58', '2025-06-25 18:06:58'),
('898', 'compras', 'CONSULTA_LISTADO', '1', '2025-06-25 18:07:00', '2025-06-25 18:07:00'),
('899', 'bitacora', 'ACCESO_MODULO', '1', '2025-06-25 18:09:28', '2025-06-25 18:09:28'),
('900', 'bitacora', 'ACCESO_MODULO', '1', '2025-06-25 18:14:20', '2025-06-25 18:14:20'),
('901', 'compras', 'ACCESO_MODULO', '1', '2025-06-25 18:14:51', '2025-06-25 18:14:51'),
('902', 'compras', 'CONSULTA_LISTADO', '1', '2025-06-25 18:14:52', '2025-06-25 18:14:52'),
('923', 'compras', 'CAMBIO_ESTADO', '1', '2025-06-28 00:26:57', '2025-06-28 00:26:57'),
('924', 'compras', 'CAMBIO_ESTADO', '1', '2025-06-28 00:27:02', '2025-06-28 00:27:02'),
('925', 'compras', 'ACCESO_MODULO', '1', '2025-06-28 00:27:31', '2025-06-28 00:27:31'),
('926', 'pagos', 'ACCESO_MODULO', '1', '2025-06-28 00:27:58', '2025-06-28 00:27:58'),
('927', 'compras', 'ACCESO_MODULO', '1', '2025-06-28 00:28:04', '2025-06-28 00:28:04'),
('928', 'compras', 'ACCESO_MODULO', '1', '2025-06-28 00:28:53', '2025-06-28 00:28:53'),
('929', 'compras', 'CAMBIO_ESTADO', '1', '2025-06-28 00:29:02', '2025-06-28 00:29:02'),
('930', 'compras', 'ACCESO_MODULO', '1', '2025-06-28 00:29:29', '2025-06-28 00:29:29'),
('931', 'compras', 'ACCESO_MODULO', '1', '2025-06-28 00:32:47', '2025-06-28 00:32:47'),
('932', 'compras', 'ACCESO_MODULO', '1', '2025-06-28 00:34:43', '2025-06-28 00:34:43'),
('933', 'compras', 'ELIMINAR', '1', '2025-06-28 00:35:02', '2025-06-28 00:35:02'),
('934', 'compras', 'CAMBIO_ESTADO', '1', '2025-06-28 00:39:50', '2025-06-28 00:39:50'),
('935', 'compras', 'ACCESO_MODULO', '1', '2025-06-28 00:40:06', '2025-06-28 00:40:06'),
('936', 'compras', 'ACCESO_MODULO', '1', '2025-06-28 00:45:28', '2025-06-28 00:45:28'),
('937', 'compras', 'ACCESO_MODULO', '1', '2025-06-28 00:46:08', '2025-06-28 00:46:08'),
('938', 'compras', 'ACCESO_MODULO', '1', '2025-06-28 00:46:14', '2025-06-28 00:46:14'),
('939', 'compras', 'ACCESO_MODULO', '1', '2025-06-28 00:46:39', '2025-06-28 00:46:39'),
('940', 'compras', 'ACCESO_MODULO', '1', '2025-06-28 00:47:33', '2025-06-28 00:47:33'),
('941', 'bitacora', 'ACCESO_MODULO', '1', '2025-06-28 00:53:18', '2025-06-28 00:53:18'),
('942', 'compras', 'ACCESO_MODULO', '1', '2025-06-28 01:07:02', '2025-06-28 01:07:02'),
('943', 'compras', 'CAMBIO_ESTADO', '1', '2025-06-28 01:07:14', '2025-06-28 01:07:14'),
('944', 'compras', 'ACCESO_MODULO', '1', '2025-06-28 01:07:55', '2025-06-28 01:07:55'),
('945', 'compras', 'CAMBIO_ESTADO', '1', '2025-06-28 01:08:47', '2025-06-28 01:08:47'),
('946', 'compras', 'ACCESO_MODULO', '1', '2025-06-28 01:08:50', '2025-06-28 01:08:50'),
('947', 'compras', 'CAMBIO_ESTADO', '1', '2025-06-28 01:09:00', '2025-06-28 01:09:00'),
('948', 'compras', 'CAMBIO_ESTADO', '1', '2025-06-28 01:09:43', '2025-06-28 01:09:43'),
('949', 'pagos', 'ACCESO_MODULO', '1', '2025-06-28 01:10:07', '2025-06-28 01:10:07'),
('950', 'pagos', 'CREAR_PAGO', '1', '2025-06-28 01:10:29', '2025-06-28 01:10:29'),
('951', 'pagos', 'CONCILIAR_PAGO', '1', '2025-06-28 01:10:33', '2025-06-28 01:10:33'),
('952', 'compras', 'ACCESO_MODULO', '1', '2025-06-28 01:10:37', '2025-06-28 01:10:37'),
('953', 'compras', 'ACCESO_MODULO', '1', '2025-06-28 01:11:04', '2025-06-28 01:11:04'),
('954', 'compras', 'ACCESO_MODULO', '1', '2025-06-28 01:12:53', '2025-06-28 01:12:53'),
('955', 'compras', 'CAMBIO_ESTADO', '1', '2025-06-28 01:13:04', '2025-06-28 01:13:04'),
('956', 'compras', 'CAMBIO_ESTADO', '1', '2025-06-28 01:13:41', '2025-06-28 01:13:41'),
('957', 'usuarios', 'ACCESO_MODULO', '1', '2025-06-30 11:17:41', '2025-06-30 11:17:41'),
('958', 'usuarios', 'CONSULTA_LISTADO', '1', '2025-06-30 11:17:42', '2025-06-30 11:17:42'),
('959', 'bitacora', 'ACCESO_MODULO', '1', '2025-06-30 11:17:59', '2025-06-30 11:17:59'),
('960', 'roles', 'ACCESO_MODULO', '1', '2025-06-30 11:18:41', '2025-06-30 11:18:41'),
('961', 'roles', 'CONSULTA', '1', '2025-06-30 11:18:42', '2025-06-30 11:18:42'),
('962', 'usuarios', 'ACCESO_MODULO', '1', '2025-06-30 11:18:45', '2025-06-30 11:18:45'),
('963', 'usuarios', 'CONSULTA_LISTADO', '1', '2025-06-30 11:18:46', '2025-06-30 11:18:46'),
('964', 'productos', 'ACCESO_MODULO', '1', '2025-06-30 11:19:00', '2025-06-30 11:19:00'),
('965', 'compras', 'ACCESO_MODULO', '1', '2025-06-30 11:19:43', '2025-06-30 11:19:43'),
('966', 'compras', 'ACCESO_MODULO', '1', '2025-06-30 11:25:43', '2025-06-30 11:25:43'),
('967', 'ventas', 'ACCESO_MODULO', '1', '2025-06-30 11:25:47', '2025-06-30 11:25:47'),
('968', 'ventas', 'CONSULTA_DATOS', '1', '2025-06-30 11:25:48', '2025-06-30 11:25:48'),
('969', 'ventas', 'CONSULTA_MONEDAS', '1', '2025-06-30 11:25:53', '2025-06-30 11:25:53'),
('970', 'ventas', 'BUSCAR_CLIENTES', '1', '2025-06-30 11:26:09', '2025-06-30 11:26:09'),
('971', 'ventas', 'VER_DETALLE', '1', '2025-06-30 11:27:31', '2025-06-30 11:27:31'),
('972', 'compras', 'ACCESO_MODULO', '1', '2025-06-30 11:27:37', '2025-06-30 11:27:37'),
('973', 'ventas', 'ACCESO_MODULO', '1', '2025-06-30 11:28:04', '2025-06-30 11:28:04'),
('974', 'ventas', 'CONSULTA_DATOS', '1', '2025-06-30 11:28:05', '2025-06-30 11:28:05'),
('975', 'ventas', 'CONSULTA_MONEDAS', '1', '2025-06-30 11:28:07', '2025-06-30 11:28:07'),
('976', 'compras', 'ACCESO_MODULO', '1', '2025-06-30 11:28:35', '2025-06-30 11:28:35'),
('977', 'proveedor', 'ACCESO_MODULO', '1', '2025-06-30 11:28:41', '2025-06-30 11:28:41'),
('978', 'bitacora', 'ACCESO_MODULO', '1', '2025-06-30 11:28:52', '2025-06-30 11:28:52'),
('979', 'bitacora', 'ACCESO_MODULO', '1', '2025-06-30 11:29:36', '2025-06-30 11:29:36'),
('980', 'ventas', 'ACCESO_MODULO', '1', '2025-06-30 11:29:59', '2025-06-30 11:29:59'),
('981', 'ventas', 'CONSULTA_DATOS', '1', '2025-06-30 11:29:59', '2025-06-30 11:29:59'),
('982', 'clientes', 'ACCESO_MODULO', '1', '2025-06-30 11:30:02', '2025-06-30 11:30:02'),
('983', 'clientes', 'CONSULTA_LISTADO', '1', '2025-06-30 11:30:03', '2025-06-30 11:30:03'),
('984', 'clientes', 'VER_CLIENTE', '1', '2025-06-30 11:30:11', '2025-06-30 11:30:11'),
('985', 'movimientos', 'ACCESO_MODULO', '1', '2025-06-30 11:30:19', '2025-06-30 11:30:19'),
('986', 'movimientos', 'ACCESO_MODULO', '1', '2025-06-30 11:32:54', '2025-06-30 11:32:54'),
('987', 'compras', 'ACCESO_MODULO', '1', '2025-06-30 11:33:35', '2025-06-30 11:33:35'),
('988', 'compras', 'ACCESO_MODULO', '1', '2025-06-30 14:07:51', '2025-06-30 14:07:51'),
('989', 'usuarios', 'ACCESO_MODULO', '1', '2025-06-30 14:08:03', '2025-06-30 14:08:03'),
('990', 'usuarios', 'CONSULTA_LISTADO', '1', '2025-06-30 14:08:04', '2025-06-30 14:08:04'),
('991', 'proveedor', 'ACCESO_MODULO', '1', '2025-06-30 19:25:23', '2025-06-30 19:25:23'),
('992', 'proveedores', 'CONSULTA_LISTADO', '1', '2025-06-30 19:25:23', '2025-06-30 19:25:23'),
('993', 'proveedor', 'ACCESO_MODULO', '1', '2025-06-30 19:46:41', '2025-06-30 19:46:41'),
('994', 'proveedores', 'CONSULTA_LISTADO', '1', '2025-06-30 19:46:42', '2025-06-30 19:46:42'),
('995', 'proveedores', 'ELIMINAR_PROVEEDOR', '1', '2025-06-30 19:46:52', '2025-06-30 19:46:52'),
('996', 'proveedores', 'CONSULTA_LISTADO', '1', '2025-06-30 19:46:54', '2025-06-30 19:46:54'),
('997', 'proveedores', 'ELIMINAR_PROVEEDOR', '1', '2025-06-30 19:47:12', '2025-06-30 19:47:12'),
('998', 'proveedores', 'CONSULTA_LISTADO', '1', '2025-06-30 19:47:14', '2025-06-30 19:47:14'),
('999', 'usuarios', 'ACCESO_MODULO', '1', '2025-07-01 16:45:23', '2025-07-01 16:45:23'),
('1000', 'usuarios', 'CONSULTA_LISTADO', '1', '2025-07-01 16:45:24', '2025-07-01 16:45:24'),
('1001', 'usuarios', 'ACCESO_MODULO', '1', '2025-07-01 16:49:39', '2025-07-01 16:49:39'),
('1002', 'usuarios', 'CONSULTA_LISTADO', '1', '2025-07-01 16:49:42', '2025-07-01 16:49:42'),
('1003', 'roles', 'ACCESO_MODULO', '1', '2025-07-01 16:49:55', '2025-07-01 16:49:55'),
('1004', 'roles', 'CONSULTA', '1', '2025-07-01 16:49:55', '2025-07-01 16:49:55'),
('1005', 'roles', 'ACCESO_MODULO', '1', '2025-07-01 16:50:05', '2025-07-01 16:50:05'),
('1006', 'roles', 'CONSULTA', '1', '2025-07-01 16:50:06', '2025-07-01 16:50:06'),
('1007', 'usuarios', 'ACCESO_MODULO', '1', '2025-07-01 16:50:10', '2025-07-01 16:50:10'),
('1008', 'usuarios', 'CONSULTA_LISTADO', '1', '2025-07-01 16:50:11', '2025-07-01 16:50:11'),
('1009', 'usuarios', 'VER_USUARIO', '1', '2025-07-01 16:50:15', '2025-07-01 16:50:15'),
('1010', 'usuarios', 'ACTUALIZAR_USUARIO', '1', '2025-07-01 16:50:20', '2025-07-01 16:50:20'),
('1011', 'usuarios', 'CONSULTA_LISTADO', '1', '2025-07-01 16:50:20', '2025-07-01 16:50:20'),
('1012', 'usuarios', 'ACCESO_MODULO', '1', '2025-07-01 16:51:51', '2025-07-01 16:51:51'),
('1013', 'usuarios', 'CONSULTA_LISTADO', '1', '2025-07-01 16:51:52', '2025-07-01 16:51:52'),
('1014', 'usuarios', 'ACCESO_MODULO', '12', '2025-07-01 16:55:09', '2025-07-01 16:55:09'),
('1015', 'usuarios', 'CONSULTA_LISTADO', '12', '2025-07-01 16:55:10', '2025-07-01 16:55:10'),
('1016', 'usuarios', 'VER_USUARIO', '12', '2025-07-01 16:55:25', '2025-07-01 16:55:25'),
('1017', 'usuarios', 'ELIMINAR_USUARIO', '12', '2025-07-01 16:55:36', '2025-07-01 16:55:36'),
('1018', 'usuarios', 'CONSULTA_LISTADO', '12', '2025-07-01 16:55:36', '2025-07-01 16:55:36'),
('1019', 'usuarios', 'ACCESO_MODULO', '12', '2025-07-01 17:03:09', '2025-07-01 17:03:09'),
('1020', 'usuarios', 'CONSULTA_LISTADO', '12', '2025-07-01 17:03:12', '2025-07-01 17:03:12'),
('1021', 'usuarios', 'ACCESO_MODULO', '12', '2025-07-01 17:03:22', '2025-07-01 17:03:22'),
('1022', 'usuarios', 'CONSULTA_LISTADO', '12', '2025-07-01 17:03:23', '2025-07-01 17:03:23'),
('1023', 'usuarios', 'ACCESO_MODULO', '12', '2025-07-01 17:03:27', '2025-07-01 17:03:27'),
('1024', 'usuarios', 'CONSULTA_LISTADO', '12', '2025-07-01 17:03:29', '2025-07-01 17:03:29'),
('1025', 'usuarios', 'ACCESO_MODULO', '1', '2025-07-01 17:03:51', '2025-07-01 17:03:51'),
('1026', 'usuarios', 'CONSULTA_LISTADO', '1', '2025-07-01 17:03:52', '2025-07-01 17:03:52'),
('1027', 'roles', 'ACCESO_MODULO', '12', '2025-07-01 17:04:29', '2025-07-01 17:04:29'),
('1028', 'roles', 'CONSULTA', '12', '2025-07-01 17:04:29', '2025-07-01 17:04:29'),
('1029', 'usuarios', 'ACCESO_MODULO', '12', '2025-07-01 17:04:31', '2025-07-01 17:04:31'),
('1030', 'usuarios', 'CONSULTA_LISTADO', '12', '2025-07-01 17:04:32', '2025-07-01 17:04:32'),
('1031', 'usuarios', 'ACCESO_MODULO', '12', '2025-07-01 17:07:42', '2025-07-01 17:07:42'),
('1032', 'usuarios', 'CONSULTA_LISTADO', '12', '2025-07-01 17:07:44', '2025-07-01 17:07:44'),
('1033', 'usuarios', 'VER_USUARIO', '12', '2025-07-01 17:07:48', '2025-07-01 17:07:48'),
('1034', 'usuarios', 'ACCESO_MODULO', '12', '2025-07-01 17:20:11', '2025-07-01 17:20:11'),
('1035', 'usuarios', 'CONSULTA_LISTADO', '12', '2025-07-01 17:20:12', '2025-07-01 17:20:12'),
('1036', 'usuarios', 'ACCESO_MODULO', '12', '2025-07-01 17:20:52', '2025-07-01 17:20:52'),
('1037', 'usuarios', 'CONSULTA_LISTADO', '12', '2025-07-01 17:20:53', '2025-07-01 17:20:53'),
('1038', 'usuarios', 'ACCESO_MODULO', '1', '2025-07-01 17:21:21', '2025-07-01 17:21:21'),
('1039', 'usuarios', 'CONSULTA_LISTADO', '1', '2025-07-01 17:21:22', '2025-07-01 17:21:22'),
('1040', 'usuarios', 'VER_USUARIO', '1', '2025-07-01 17:21:27', '2025-07-01 17:21:27'),
('1041', 'usuarios', 'VER_USUARIO', '1', '2025-07-01 17:21:30', '2025-07-01 17:21:30'),
('1042', 'usuarios', 'VER_USUARIO', '1', '2025-07-01 17:23:25', '2025-07-01 17:23:25'),
('1043', 'usuarios', 'ACCESO_MODULO', '1', '2025-07-01 17:25:50', '2025-07-01 17:25:50'),
('1044', 'usuarios', 'CONSULTA_LISTADO', '1', '2025-07-01 17:25:52', '2025-07-01 17:25:52'),
('1045', 'roles', 'ACCESO_MODULO', '1', '2025-07-01 17:30:25', '2025-07-01 17:30:25'),
('1046', 'roles', 'CONSULTA', '1', '2025-07-01 17:30:26', '2025-07-01 17:30:26'),
('1047', 'usuarios', 'ACCESO_MODULO', '1', '2025-07-01 17:30:29', '2025-07-01 17:30:29'),
('1048', 'usuarios', 'CONSULTA_LISTADO', '1', '2025-07-01 17:30:31', '2025-07-01 17:30:31'),
('1049', 'usuarios', 'VER_USUARIO', '1', '2025-07-01 17:30:38', '2025-07-01 17:30:38'),
('1050', 'usuarios', 'VER_USUARIO', '1', '2025-07-01 17:31:08', '2025-07-01 17:31:08'),
('1051', 'usuarios', 'ACCESO_MODULO', '1', '2025-07-01 17:34:51', '2025-07-01 17:34:51'),
('1052', 'usuarios', 'CONSULTA_LISTADO', '1', '2025-07-01 17:34:53', '2025-07-01 17:34:53'),
('1053', 'roles', 'ACCESO_MODULO', '1', '2025-07-01 17:36:01', '2025-07-01 17:36:01'),
('1054', 'roles', 'CONSULTA', '1', '2025-07-01 17:36:01', '2025-07-01 17:36:01'),
('1055', 'usuarios', 'ACCESO_MODULO', '1', '2025-07-01 17:36:03', '2025-07-01 17:36:03'),
('1056', 'usuarios', 'CONSULTA_LISTADO', '1', '2025-07-01 17:36:04', '2025-07-01 17:36:04'),
('1057', 'usuarios', 'VER_USUARIO', '1', '2025-07-01 17:36:07', '2025-07-01 17:36:07'),
('1058', 'usuarios', 'ACCESO_MODULO', '1', '2025-07-01 17:43:05', '2025-07-01 17:43:05'),
('1059', 'usuarios', 'CONSULTA_LISTADO', '1', '2025-07-01 17:43:07', '2025-07-01 17:43:07'),
('1060', 'usuarios', 'ACCESO_MODULO', '1', '2025-07-01 17:43:43', '2025-07-01 17:43:43'),
('1061', 'usuarios', 'CONSULTA_LISTADO', '1', '2025-07-01 17:43:44', '2025-07-01 17:43:44'),
('1062', 'usuarios', 'VER_USUARIO', '1', '2025-07-01 17:43:52', '2025-07-01 17:43:52'),
('1063', 'usuarios', 'ACCESO_MODULO', '1', '2025-07-01 17:47:26', '2025-07-01 17:47:26'),
('1064', 'usuarios', 'CONSULTA_LISTADO', '1', '2025-07-01 17:47:28', '2025-07-01 17:47:28'),
('1065', 'usuarios', 'ACCESO_MODULO', '1', '2025-07-01 17:47:54', '2025-07-01 17:47:54'),
('1066', 'usuarios', 'CONSULTA_LISTADO', '1', '2025-07-01 17:47:55', '2025-07-01 17:47:55'),
('1067', 'usuarios', 'VER_USUARIO', '1', '2025-07-01 17:48:02', '2025-07-01 17:48:02'),
('1068', 'usuarios', 'ACCESO_MODULO', '1', '2025-07-01 17:50:05', '2025-07-01 17:50:05'),
('1069', 'usuarios', 'CONSULTA_LISTADO', '1', '2025-07-01 17:50:08', '2025-07-01 17:50:08'),
('1070', 'usuarios', 'ACCESO_MODULO', '1', '2025-07-01 17:50:45', '2025-07-01 17:50:45'),
('1071', 'usuarios', 'CONSULTA_LISTADO', '1', '2025-07-01 17:50:46', '2025-07-01 17:50:46'),
('1072', 'usuarios', 'ACCESO_MODULO', '1', '2025-07-01 17:52:34', '2025-07-01 17:52:34'),
('1073', 'usuarios', 'CONSULTA_LISTADO', '1', '2025-07-01 17:52:35', '2025-07-01 17:52:35'),
('1074', 'usuarios', 'ACCESO_MODULO', '1', '2025-07-01 17:53:01', '2025-07-01 17:53:01'),
('1075', 'usuarios', 'CONSULTA_LISTADO', '1', '2025-07-01 17:53:03', '2025-07-01 17:53:03'),
('1076', 'usuarios', 'VER_USUARIO', '1', '2025-07-01 17:53:05', '2025-07-01 17:53:05'),
('1077', 'usuarios', 'ACCESO_MODULO', '1', '2025-07-01 17:55:58', '2025-07-01 17:55:58'),
('1078', 'usuarios', 'CONSULTA_LISTADO', '1', '2025-07-01 17:56:01', '2025-07-01 17:56:01'),
('1079', 'roles', 'ACCESO_MODULO', '1', '2025-07-01 17:56:37', '2025-07-01 17:56:37'),
('1080', 'roles', 'CONSULTA', '1', '2025-07-01 17:56:38', '2025-07-01 17:56:38'),
('1081', 'usuarios', 'ACCESO_MODULO', '1', '2025-07-01 17:56:40', '2025-07-01 17:56:40'),
('1082', 'usuarios', 'CONSULTA_LISTADO', '1', '2025-07-01 17:56:42', '2025-07-01 17:56:42'),
('1083', 'usuarios', 'ACCESO_MODULO', '1', '2025-07-01 17:57:36', '2025-07-01 17:57:36'),
('1084', 'usuarios', 'CONSULTA_LISTADO', '1', '2025-07-01 17:57:37', '2025-07-01 17:57:37'),
('1085', 'usuarios', 'VER_USUARIO', '1', '2025-07-01 17:57:46', '2025-07-01 17:57:46'),
('1086', 'roles', 'ACCESO_MODULO', '1', '2025-07-01 17:58:21', '2025-07-01 17:58:21'),
('1087', 'roles', 'CONSULTA', '1', '2025-07-01 17:58:23', '2025-07-01 17:58:23'),
('1088', 'roles', 'ACCESO_MODULO', '1', '2025-07-01 17:58:26', '2025-07-01 17:58:26'),
('1089', 'roles', 'CONSULTA', '1', '2025-07-01 17:58:27', '2025-07-01 17:58:27'),
('1090', 'usuarios', 'ACCESO_MODULO', '1', '2025-07-01 17:58:29', '2025-07-01 17:58:29'),
('1091', 'usuarios', 'CONSULTA_LISTADO', '1', '2025-07-01 17:58:31', '2025-07-01 17:58:31'),
('1092', 'usuarios', 'ACCESO_MODULO', '1', '2025-07-01 18:07:47', '2025-07-01 18:07:47'),
('1093', 'usuarios', 'CONSULTA_LISTADO', '1', '2025-07-01 18:07:51', '2025-07-01 18:07:51'),
('1094', 'usuarios', 'VER_USUARIO', '1', '2025-07-01 18:07:55', '2025-07-01 18:07:55'),
('1095', 'usuarios', 'VER_USUARIO', '1', '2025-07-01 18:08:47', '2025-07-01 18:08:47'),
('1096', 'usuarios', 'ACCESO_MODULO', '1', '2025-07-01 18:11:48', '2025-07-01 18:11:48'),
('1097', 'usuarios', 'CONSULTA_LISTADO', '1', '2025-07-01 18:11:52', '2025-07-01 18:11:52'),
('1098', 'usuarios', 'VER_USUARIO', '1', '2025-07-01 18:11:55', '2025-07-01 18:11:55'),
('1099', 'usuarios', 'ACCESO_MODULO', '1', '2025-07-01 18:13:53', '2025-07-01 18:13:53'),
('1100', 'usuarios', 'CONSULTA_LISTADO', '1', '2025-07-01 18:13:56', '2025-07-01 18:13:56'),
('1101', 'usuarios', 'VER_USUARIO', '1', '2025-07-01 18:13:59', '2025-07-01 18:13:59'),
('1102', 'usuarios', 'ACCESO_MODULO', '1', '2025-07-01 18:15:20', '2025-07-01 18:15:20'),
('1103', 'usuarios', 'CONSULTA_LISTADO', '1', '2025-07-01 18:15:23', '2025-07-01 18:15:23'),
('1104', 'usuarios', 'VER_USUARIO', '1', '2025-07-01 18:15:30', '2025-07-01 18:15:30'),
('1105', 'usuarios', 'ACCESO_MODULO', '1', '2025-07-01 18:16:37', '2025-07-01 18:16:37'),
('1106', 'usuarios', 'CONSULTA_LISTADO', '1', '2025-07-01 18:16:40', '2025-07-01 18:16:40'),
('1107', 'usuarios', 'VER_USUARIO', '1', '2025-07-01 18:16:43', '2025-07-01 18:16:43'),
('1108', 'usuarios', 'ACTUALIZAR_USUARIO', '1', '2025-07-01 18:16:49', '2025-07-01 18:16:49'),
('1109', 'usuarios', 'CONSULTA_LISTADO', '1', '2025-07-01 18:16:49', '2025-07-01 18:16:49'),
('1110', 'usuarios', 'ACCESO_MODULO', '1', '2025-07-01 18:17:29', '2025-07-01 18:17:29'),
('1111', 'usuarios', 'CONSULTA_LISTADO', '1', '2025-07-01 18:17:30', '2025-07-01 18:17:30'),
('1112', 'usuarios', 'VER_USUARIO', '1', '2025-07-01 18:17:37', '2025-07-01 18:17:37'),
('1113', 'usuarios', 'VER_USUARIO', '1', '2025-07-01 18:17:41', '2025-07-01 18:17:41'),
('1114', 'usuarios', 'ACTUALIZAR_USUARIO', '1', '2025-07-01 18:17:51', '2025-07-01 18:17:51'),
('1115', 'usuarios', 'CONSULTA_LISTADO', '1', '2025-07-01 18:17:51', '2025-07-01 18:17:51'),
('1116', 'usuarios', 'CREAR_USUARIO', '1', '2025-07-01 18:18:40', '2025-07-01 18:18:40'),
('1117', 'usuarios', 'CONSULTA_LISTADO', '1', '2025-07-01 18:18:40', '2025-07-01 18:18:40'),
('1118', 'usuarios', 'VER_USUARIO', '1', '2025-07-01 18:18:59', '2025-07-01 18:18:59'),
('1119', 'usuarios', 'VER_USUARIO', '1', '2025-07-01 18:19:02', '2025-07-01 18:19:02'),
('1120', 'usuarios', 'ELIMINAR_USUARIO', '1', '2025-07-01 18:19:08', '2025-07-01 18:19:08'),
('1121', 'usuarios', 'CONSULTA_LISTADO', '1', '2025-07-01 18:19:08', '2025-07-01 18:19:08'),
('1122', 'usuarios', 'ACCESO_MODULO', '12', '2025-07-01 18:19:47', '2025-07-01 18:19:47'),
('1123', 'usuarios', 'CONSULTA_LISTADO', '12', '2025-07-01 18:19:48', '2025-07-01 18:19:48'),
('1124', 'usuarios', 'ACCESO_MODULO', '12', '2025-07-01 18:22:29', '2025-07-01 18:22:29'),
('1125', 'usuarios', 'CONSULTA_LISTADO', '12', '2025-07-01 18:22:31', '2025-07-01 18:22:31'),
('1126', 'usuarios', 'ACCESO_MODULO', '1', '2025-07-01 18:23:43', '2025-07-01 18:23:43'),
('1127', 'usuarios', 'CONSULTA_LISTADO', '1', '2025-07-01 18:23:44', '2025-07-01 18:23:44'),
('1128', 'usuarios', 'VER_USUARIO', '1', '2025-07-01 18:23:47', '2025-07-01 18:23:47'),
('1129', 'usuarios', 'VER_USUARIO', '1', '2025-07-01 18:23:51', '2025-07-01 18:23:51'),
('1130', 'usuarios', 'ACCESO_MODULO', '1', '2025-07-01 18:45:10', '2025-07-01 18:45:10'),
('1131', 'usuarios', 'ACCESO_MODULO', '1', '2025-07-01 18:45:41', '2025-07-01 18:45:41'),
('1132', 'usuarios', 'ACCESO_MODULO', '1', '2025-07-01 18:45:58', '2025-07-01 18:45:58'),
('1133', 'usuarios', 'ACCESO_MODULO', '1', '2025-07-01 18:46:05', '2025-07-01 18:46:05'),
('1134', 'usuarios', 'ACCESO_MODULO', '1', '2025-07-01 18:53:09', '2025-07-01 18:53:09'),
('1135', 'usuarios', 'ACCESO_MODULO', '1', '2025-07-01 18:53:46', '2025-07-01 18:53:46'),
('1136', 'usuarios', 'ACCESO_MODULO', '1', '2025-07-01 19:01:43', '2025-07-01 19:01:43'),
('1137', 'usuarios', 'CONSULTA_LISTADO', '1', '2025-07-01 19:01:44', '2025-07-01 19:01:44'),
('1138', 'usuarios', 'ACCESO_MODULO', '1', '2025-07-01 19:02:19', '2025-07-01 19:02:19'),
('1139', 'usuarios', 'CONSULTA_LISTADO', '1', '2025-07-01 19:02:20', '2025-07-01 19:02:20'),
('1140', 'usuarios', 'ACCESO_MODULO', '1', '2025-07-01 19:09:40', '2025-07-01 19:09:40'),
('1141', 'usuarios', 'CONSULTA_LISTADO', '1', '2025-07-01 19:09:42', '2025-07-01 19:09:42'),
('1142', 'usuarios', 'ACCESO_MODULO', '1', '2025-07-01 19:14:17', '2025-07-01 19:14:17'),
('1143', 'usuarios', 'CONSULTA_LISTADO', '1', '2025-07-01 19:14:19', '2025-07-01 19:14:19'),
('1144', 'usuarios', 'CONSULTA_LISTADO', '1', '2025-07-01 19:14:23', '2025-07-01 19:14:23'),
('1145', 'usuarios', 'CONSULTA_LISTADO', '1', '2025-07-01 19:14:27', '2025-07-01 19:14:27'),
('1146', 'usuarios', 'CONSULTA_LISTADO', '1', '2025-07-01 19:14:30', '2025-07-01 19:14:30'),
('1147', 'usuarios', 'CONSULTA_LISTADO', '1', '2025-07-01 19:14:35', '2025-07-01 19:14:35'),
('1148', 'usuarios', 'CONSULTA_LISTADO', '1', '2025-07-01 19:14:38', '2025-07-01 19:14:38'),
('1149', 'usuarios', 'CONSULTA_LISTADO', '1', '2025-07-01 19:14:40', '2025-07-01 19:14:40'),
('1150', 'usuarios', 'ACCESO_MODULO', '1', '2025-07-01 19:23:46', '2025-07-01 19:23:46'),
('1151', 'usuarios', 'CONSULTA_LISTADO', '1', '2025-07-01 19:23:49', '2025-07-01 19:23:49'),
('1152', 'usuarios', 'ACCESO_MODULO', '1', '2025-07-01 19:24:20', '2025-07-01 19:24:20'),
('1153', 'usuarios', 'CONSULTA_LISTADO', '1', '2025-07-01 19:24:23', '2025-07-01 19:24:23'),
('1154', 'usuarios', 'ACCESO_MODULO', '1', '2025-07-01 19:24:56', '2025-07-01 19:24:56'),
('1155', 'usuarios', 'CONSULTA_LISTADO', '1', '2025-07-01 19:24:56', '2025-07-01 19:24:56'),
('1156', 'usuarios', 'ACCESO_MODULO', '1', '2025-07-01 19:27:37', '2025-07-01 19:27:37'),
('1157', 'usuarios', 'CONSULTA_LISTADO', '1', '2025-07-01 19:27:40', '2025-07-01 19:27:40'),
('1158', 'usuarios', 'REACTIVAR', '1', '2025-07-01 19:27:44', '2025-07-01 19:27:44'),
('1159', 'usuarios', 'CONSULTA_LISTADO', '1', '2025-07-01 19:27:45', '2025-07-01 19:27:45'),
('1160', 'usuarios', 'ELIMINAR_USUARIO', '1', '2025-07-01 19:27:56', '2025-07-01 19:27:56'),
('1161', 'usuarios', 'CONSULTA_LISTADO', '1', '2025-07-01 19:27:56', '2025-07-01 19:27:56'),
('1162', 'usuarios', 'REACTIVAR', '1', '2025-07-01 19:28:07', '2025-07-01 19:28:07'),
('1163', 'usuarios', 'CONSULTA_LISTADO', '1', '2025-07-01 19:28:07', '2025-07-01 19:28:07'),
('1164', 'usuarios', 'ELIMINAR_USUARIO', '1', '2025-07-01 19:28:12', '2025-07-01 19:28:12'),
('1165', 'usuarios', 'CONSULTA_LISTADO', '1', '2025-07-01 19:28:12', '2025-07-01 19:28:12'),
('1166', 'usuarios', 'ACCESO_MODULO', '12', '2025-07-01 19:28:43', '2025-07-01 19:28:43'),
('1167', 'usuarios', 'CONSULTA_LISTADO', '12', '2025-07-01 19:28:44', '2025-07-01 19:28:44'),
('1168', 'usuarios', 'ELIMINAR_USUARIO', '12', '2025-07-01 19:28:54', '2025-07-01 19:28:54'),
('1169', 'usuarios', 'CONSULTA_LISTADO', '12', '2025-07-01 19:28:54', '2025-07-01 19:28:54'),
('1170', 'usuarios', 'ACCESO_MODULO', '1', '2025-07-01 19:29:57', '2025-07-01 19:29:57'),
('1171', 'usuarios', 'CONSULTA_LISTADO', '1', '2025-07-01 19:29:58', '2025-07-01 19:29:58'),
('1172', 'usuarios', 'REACTIVAR', '1', '2025-07-01 19:30:05', '2025-07-01 19:30:05'),
('1173', 'usuarios', 'CONSULTA_LISTADO', '1', '2025-07-01 19:30:06', '2025-07-01 19:30:06'),
('1174', 'usuarios', 'ACCESO_MODULO', '1', '2025-07-01 19:32:35', '2025-07-01 19:32:35'),
('1175', 'usuarios', 'CONSULTA_LISTADO', '1', '2025-07-01 19:32:37', '2025-07-01 19:32:37'),
('1176', 'usuarios', 'ELIMINAR_USUARIO', '1', '2025-07-01 19:32:46', '2025-07-01 19:32:46'),
('1177', 'usuarios', 'CONSULTA_LISTADO', '1', '2025-07-01 19:32:46', '2025-07-01 19:32:46'),
('1178', 'bitacora', 'ACCESO_MODULO', '1', '2025-07-01 19:32:50', '2025-07-01 19:32:50'),
('1179', 'usuarios', 'ACCESO_MODULO', '1', '2025-07-01 19:33:24', '2025-07-01 19:33:24'),
('1180', 'usuarios', 'CONSULTA_LISTADO', '1', '2025-07-01 19:33:25', '2025-07-01 19:33:25'),
('1181', 'usuarios', 'REACTIVAR', '1', '2025-07-01 19:33:30', '2025-07-01 19:33:30'),
('1182', 'usuarios', 'CONSULTA_LISTADO', '1', '2025-07-01 19:33:30', '2025-07-01 19:33:30'),
('1183', 'bitacora', 'ACCESO_MODULO', '1', '2025-07-01 19:33:37', '2025-07-01 19:33:37'),
('1184', 'compras', 'ACCESO_MODULO', '1', '2025-07-01 19:37:11', '2025-07-01 19:37:11'),
('1185', 'compras', 'ACCESO_MODULO', '1', '2025-07-01 19:37:45', '2025-07-01 19:37:45'),
('1186', 'proveedor', 'ACCESO_MODULO', '1', '2025-07-01 19:38:08', '2025-07-01 19:38:08'),
('1187', 'proveedor', 'ACCESO_MODULO', '1', '2025-07-01 19:51:37', '2025-07-01 19:51:37'),
('1188', 'proveedores', 'CONSULTA_LISTADO', '1', '2025-07-01 19:51:40', '2025-07-01 19:51:40'),
('1189', 'proveedor', 'ACCESO_MODULO', '1', '2025-07-01 19:52:04', '2025-07-01 19:52:04'),
('1190', 'proveedores', 'CONSULTA_LISTADO', '1', '2025-07-01 19:52:06', '2025-07-01 19:52:06'),
('1191', 'proveedor', 'ACCESO_MODULO', '1', '2025-07-01 20:00:40', '2025-07-01 20:00:40'),
('1192', 'proveedor', 'ACCESO_MODULO', '1', '2025-07-01 20:00:51', '2025-07-01 20:00:51'),
('1193', 'proveedor', 'ACCESO_MODULO', '1', '2025-07-01 20:04:05', '2025-07-01 20:04:05'),
('1194', 'proveedores', 'CONSULTA_LISTADO', '1', '2025-07-01 20:04:09', '2025-07-01 20:04:09'),
('1195', 'proveedor', 'ACCESO_MODULO', '1', '2025-07-01 20:12:27', '2025-07-01 20:12:27'),
('1196', 'proveedores', 'CONSULTA_LISTADO', '1', '2025-07-01 20:12:29', '2025-07-01 20:12:29'),
('1197', 'proveedor', 'ACCESO_MODULO', '1', '2025-07-01 20:13:36', '2025-07-01 20:13:36'),
('1198', 'proveedores', 'CONSULTA_LISTADO', '1', '2025-07-01 20:13:39', '2025-07-01 20:13:39'),
('1199', 'proveedor', 'ACCESO_MODULO', '1', '2025-07-01 20:17:31', '2025-07-01 20:17:31'),
('1200', 'proveedores', 'CONSULTA_LISTADO', '1', '2025-07-01 20:17:34', '2025-07-01 20:17:34'),
('1201', 'proveedor', 'ELIMINAR', '1', '2025-07-01 20:17:50', '2025-07-01 20:17:50'),
('1202', 'proveedores', 'CONSULTA_LISTADO', '1', '2025-07-01 20:17:52', '2025-07-01 20:17:52'),
('1203', 'proveedor', 'ACCESO_MODULO', '1', '2025-07-01 20:19:15', '2025-07-01 20:19:15'),
('1204', 'proveedores', 'CONSULTA_LISTADO', '1', '2025-07-01 20:19:18', '2025-07-01 20:19:18'),
('1205', 'proveedor', 'ACCESO_MODULO', '1', '2025-07-01 20:21:05', '2025-07-01 20:21:05'),
('1206', 'proveedores', 'CONSULTA_LISTADO', '1', '2025-07-01 20:21:09', '2025-07-01 20:21:09'),
('1207', 'proveedor', 'ACCESO_MODULO', '1', '2025-07-01 20:24:09', '2025-07-01 20:24:09'),
('1208', 'proveedores', 'CONSULTA_LISTADO', '1', '2025-07-01 20:24:12', '2025-07-01 20:24:12'),
('1209', 'proveedor', 'ACCESO_MODULO', '1', '2025-07-01 20:24:22', '2025-07-01 20:24:22'),
('1210', 'proveedores', 'CONSULTA_LISTADO', '1', '2025-07-01 20:24:25', '2025-07-01 20:24:25'),
('1211', 'proveedor', 'ACCESO_MODULO', '1', '2025-07-01 20:28:41', '2025-07-01 20:28:41'),
('1212', 'proveedores', 'CONSULTA_LISTADO', '1', '2025-07-01 20:28:44', '2025-07-01 20:28:44'),
('1213', 'proveedor', 'ACCESO_MODULO', '1', '2025-07-01 20:31:41', '2025-07-01 20:31:41'),
('1214', 'proveedores', 'CONSULTA_LISTADO', '1', '2025-07-01 20:31:42', '2025-07-01 20:31:42'),
('1215', 'proveedor', 'ACCESO_MODULO', '1', '2025-07-01 20:35:20', '2025-07-01 20:35:20'),
('1216', 'proveedores', 'CONSULTA_LISTADO', '1', '2025-07-01 20:35:22', '2025-07-01 20:35:22'),
('1217', 'proveedor', 'ACCESO_MODULO', '1', '2025-07-01 20:37:00', '2025-07-01 20:37:00'),
('1218', 'proveedores', 'CONSULTA_LISTADO', '1', '2025-07-01 20:37:05', '2025-07-01 20:37:05'),
('1219', 'proveedor', 'ACCESO_MODULO', '1', '2025-07-01 20:39:58', '2025-07-01 20:39:58'),
('1220', 'proveedores', 'CONSULTA_LISTADO', '1', '2025-07-01 20:40:01', '2025-07-01 20:40:01'),
('1221', 'proveedor', 'ACCESO_MODULO', '1', '2025-07-01 20:40:09', '2025-07-01 20:40:09'),
('1222', 'proveedores', 'CONSULTA_LISTADO', '1', '2025-07-01 20:40:10', '2025-07-01 20:40:10'),
('1223', 'proveedor', 'ACCESO_MODULO', '1', '2025-07-01 20:44:04', '2025-07-01 20:44:04'),
('1224', 'proveedores', 'CONSULTA_LISTADO', '1', '2025-07-01 20:44:07', '2025-07-01 20:44:07'),
('1225', 'proveedor', 'ELIMINAR', '1', '2025-07-01 20:44:12', '2025-07-01 20:44:12'),
('1226', 'proveedores', 'CONSULTA_LISTADO', '1', '2025-07-01 20:44:13', '2025-07-01 20:44:13'),
('1227', 'proveedor', 'ELIMINAR', '1', '2025-07-01 20:44:15', '2025-07-01 20:44:15'),
('1228', 'proveedores', 'CONSULTA_LISTADO', '1', '2025-07-01 20:44:16', '2025-07-01 20:44:16'),
('1229', 'proveedor', 'ACCESO_MODULO', '1', '2025-07-01 20:44:20', '2025-07-01 20:44:20'),
('1230', 'proveedor', 'ACCESO_MODULO', '1', '2025-07-01 20:44:21', '2025-07-01 20:44:21'),
('1231', 'proveedor', 'ACCESO_MODULO', '1', '2025-07-01 20:44:21', '2025-07-01 20:44:21'),
('1232', 'proveedor', 'ACCESO_MODULO', '1', '2025-07-01 20:44:22', '2025-07-01 20:44:22'),
('1233', 'proveedor', 'ACCESO_MODULO', '1', '2025-07-01 20:44:22', '2025-07-01 20:44:22'),
('1234', 'proveedor', 'ACCESO_MODULO', '1', '2025-07-01 20:44:23', '2025-07-01 20:44:23'),
('1235', 'proveedor', 'ACCESO_MODULO', '1', '2025-07-01 20:44:23', '2025-07-01 20:44:23'),
('1236', 'proveedor', 'ACCESO_MODULO', '1', '2025-07-01 20:44:23', '2025-07-01 20:44:23'),
('1237', 'proveedor', 'ACCESO_MODULO', '1', '2025-07-01 20:44:23', '2025-07-01 20:44:23'),
('1238', 'proveedores', 'CONSULTA_LISTADO', '1', '2025-07-01 20:44:25', '2025-07-01 20:44:25'),
('1239', 'proveedor', 'ACCESO_MODULO', '1', '2025-07-01 20:48:34', '2025-07-01 20:48:34'),
('1240', 'proveedores', 'CONSULTA_LISTADO', '1', '2025-07-01 20:48:37', '2025-07-01 20:48:37'),
('1241', 'proveedor', 'ACCESO_MODULO', '1', '2025-07-01 20:51:44', '2025-07-01 20:51:44'),
('1242', 'proveedores', 'CONSULTA_LISTADO', '1', '2025-07-01 20:51:46', '2025-07-01 20:51:46'),
('1243', 'proveedor', 'ACCESO_MODULO', '1', '2025-07-01 20:56:14', '2025-07-01 20:56:14'),
('1244', 'proveedores', 'CONSULTA_LISTADO', '1', '2025-07-01 20:56:17', '2025-07-01 20:56:17'),
('1245', 'proveedores', 'REACTIVAR', '1', '2025-07-01 20:56:23', '2025-07-01 20:56:23'),
('1246', 'proveedores', 'CONSULTA_LISTADO', '1', '2025-07-01 20:56:24', '2025-07-01 20:56:24'),
('1247', 'proveedor', 'ELIMINAR', '1', '2025-07-01 20:56:29', '2025-07-01 20:56:29'),
('1248', 'proveedores', 'CONSULTA_LISTADO', '1', '2025-07-01 20:56:31', '2025-07-01 20:56:31'),
('1249', 'proveedor', 'ACCESO_MODULO', '12', '2025-07-01 20:57:13', '2025-07-01 20:57:13'),
('1250', 'proveedores', 'CONSULTA_LISTADO', '12', '2025-07-01 20:57:15', '2025-07-01 20:57:15'),
('1251', 'proveedor', 'ACCESO_MODULO', '12', '2025-07-01 20:58:34', '2025-07-01 20:58:34'),
('1252', 'proveedores', 'CONSULTA_LISTADO', '12', '2025-07-01 20:58:37', '2025-07-01 20:58:37'),
('1253', 'proveedor', 'ACCESO_MODULO', '1', '2025-07-01 20:59:09', '2025-07-01 20:59:09'),
('1254', 'proveedores', 'CONSULTA_LISTADO', '1', '2025-07-01 20:59:13', '2025-07-01 20:59:13'),
('1255', 'proveedores', 'REACTIVAR', '1', '2025-07-01 20:59:25', '2025-07-01 20:59:25'),
('1256', 'proveedores', 'CONSULTA_LISTADO', '1', '2025-07-01 20:59:27', '2025-07-01 20:59:27'),
('1257', 'proveedores', 'REACTIVAR', '1', '2025-07-01 20:59:34', '2025-07-01 20:59:34'),
('1258', 'proveedores', 'CONSULTA_LISTADO', '1', '2025-07-01 20:59:36', '2025-07-01 20:59:36'),
('1259', 'proveedor', 'ELIMINAR', '1', '2025-07-01 20:59:40', '2025-07-01 20:59:40'),
('1260', 'proveedores', 'CONSULTA_LISTADO', '1', '2025-07-01 20:59:41', '2025-07-01 20:59:41'),
('1261', 'proveedor', 'ACCESO_MODULO', '1', '2025-07-01 21:04:50', '2025-07-01 21:04:50'),
('1262', 'proveedores', 'CONSULTA_LISTADO', '1', '2025-07-01 21:04:53', '2025-07-01 21:04:53'),
('1263', 'proveedores', 'REACTIVAR', '1', '2025-07-01 21:04:58', '2025-07-01 21:04:58'),
('1264', 'proveedores', 'CONSULTA_LISTADO', '1', '2025-07-01 21:04:59', '2025-07-01 21:04:59'),
('1265', 'proveedor', 'ELIMINAR', '1', '2025-07-01 21:05:04', '2025-07-01 21:05:04'),
('1266', 'proveedores', 'CONSULTA_LISTADO', '1', '2025-07-01 21:05:05', '2025-07-01 21:05:05'),
('1267', 'proveedor', 'ELIMINAR', '1', '2025-07-01 21:05:08', '2025-07-01 21:05:08'),
('1268', 'proveedores', 'CONSULTA_LISTADO', '1', '2025-07-01 21:05:09', '2025-07-01 21:05:09'),
('1269', 'productos', 'ACCESO_MODULO', '1', '2025-07-02 23:31:56', '2025-07-02 23:31:56'),
('1270', 'bitacora', 'ACCESO_MODULO', '1', '2025-07-02 23:33:20', '2025-07-02 23:33:20'),
('1271', 'compras', 'ACCESO_MODULO', '1', '2025-07-02 23:33:45', '2025-07-02 23:33:45'),
('1272', 'bitacora', 'ACCESO_MODULO', '1', '2025-07-02 23:33:56', '2025-07-02 23:33:56'),
('1273', 'movimientos', 'ACCESO_MODULO', '1', '2025-07-02 23:34:44', '2025-07-02 23:34:44'),
('1274', 'bitacora', 'ACCESO_MODULO', '1', '2025-07-02 23:35:00', '2025-07-02 23:35:00'),
('1275', 'roles', 'ACCESO_MODULO', '1', '2025-07-02 23:41:30', '2025-07-02 23:41:30'),
('1276', 'roles', 'CONSULTA', '1', '2025-07-02 23:41:31', '2025-07-02 23:41:31'),
('1277', 'ventas', 'ACCESO_MODULO', '1', '2025-07-02 23:42:48', '2025-07-02 23:42:48'),
('1278', 'ventas', 'CONSULTA_DATOS', '1', '2025-07-02 23:42:49', '2025-07-02 23:42:49'),
('1279', 'ventas', 'CONSULTA_MONEDAS', '1', '2025-07-02 23:42:50', '2025-07-02 23:42:50'),
('1280', 'ventas', 'CONSULTA_PRODUCTOS_D', '1', '2025-07-02 23:42:50', '2025-07-02 23:42:50'),
('1281', 'ventas', 'CONSULTA_TASA_MONEDA', '1', '2025-07-02 23:43:35', '2025-07-02 23:43:35'),
('1282', 'ventas', 'CONSULTA_TASA', '1', '2025-07-02 23:43:48', '2025-07-02 23:43:48'),
('1283', 'ventas', 'CONSULTA_TASA', '1', '2025-07-02 23:44:00', '2025-07-02 23:44:00'),
('1284', 'ventas', 'CONSULTA_TASA', '1', '2025-07-02 23:44:23', '2025-07-02 23:44:23'),
('1285', 'ventas', 'CONSULTA_TASA', '1', '2025-07-02 23:44:39', '2025-07-02 23:44:39'),
('1286', 'usuarios', 'ACCESO_MODULO', '1', '2025-07-02 23:44:56', '2025-07-02 23:44:56'),
('1287', 'usuarios', 'CONSULTA_LISTADO', '1', '2025-07-02 23:44:58', '2025-07-02 23:44:58'),
('1288', 'usuarios', 'ACCESO_MODULO', '1', '2025-07-02 23:50:33', '2025-07-02 23:50:33'),
('1289', 'usuarios', 'CONSULTA_LISTADO', '1', '2025-07-02 23:50:35', '2025-07-02 23:50:35'),
('1290', 'usuarios', 'ACCESO_MODULO', '1', '2025-07-02 23:51:22', '2025-07-02 23:51:22'),
('1291', 'usuarios', 'CONSULTA_LISTADO', '1', '2025-07-02 23:51:25', '2025-07-02 23:51:25'),
('1292', 'usuarios', 'CREAR_USUARIO', '1', '2025-07-02 23:52:41', '2025-07-02 23:52:41'),
('1293', 'usuarios', 'CONSULTA_LISTADO', '1', '2025-07-02 23:52:42', '2025-07-02 23:52:42'),
('1294', 'usuarios', 'ACCESO_MODULO', '1', '2025-07-02 23:53:10', '2025-07-02 23:53:10'),
('1295', 'usuarios', 'CONSULTA_LISTADO', '1', '2025-07-02 23:53:11', '2025-07-02 23:53:11'),
('1296', 'usuarios', 'VER_USUARIO', '1', '2025-07-02 23:53:16', '2025-07-02 23:53:16'),
('1297', 'movimientos', 'ACCESO_MODULO', '1', '2025-07-02 23:54:59', '2025-07-02 23:54:59'),
('1298', 'ventas', 'ACCESO_MODULO', '1', '2025-07-02 23:55:17', '2025-07-02 23:55:17'),
('1299', 'ventas', 'CONSULTA_DATOS', '1', '2025-07-02 23:55:18', '2025-07-02 23:55:18'),
('1300', 'productos', 'ACCESO_MODULO', '1', '2025-07-02 23:56:27', '2025-07-02 23:56:27'),
('1301', 'ventas', 'ACCESO_MODULO', '1', '2025-07-03 00:00:44', '2025-07-03 00:00:44'),
('1302', 'ventas', 'CONSULTA_DATOS', '1', '2025-07-03 00:00:46', '2025-07-03 00:00:46'),
('1303', 'usuarios', 'ACCESO_MODULO', '1', '2025-07-03 01:36:12', '2025-07-03 01:36:12'),
('1304', 'usuarios', 'CONSULTA_LISTADO', '1', '2025-07-03 01:36:14', '2025-07-03 01:36:14'),
('1305', 'usuarios', 'VER_USUARIO', '1', '2025-07-03 01:36:23', '2025-07-03 01:36:23'),
('1306', 'ventas', 'ACCESO_MODULO', '4', '2025-07-03 01:39:41', '2025-07-03 01:39:41'),
('1307', 'ventas', 'CONSULTA_DATOS', '4', '2025-07-03 01:39:42', '2025-07-03 01:39:42'),
('1308', 'ventas', 'ACCESO_MODULO', '4', '2025-07-03 01:40:34', '2025-07-03 01:40:34'),
('1309', 'ventas', 'CONSULTA_DATOS', '4', '2025-07-03 01:40:35', '2025-07-03 01:40:35'),
('1310', 'ventas', 'ACCESO_MODULO', '1', '2025-07-03 01:44:37', '2025-07-03 01:44:37'),
('1311', 'ventas', 'CONSULTA_DATOS', '1', '2025-07-03 01:44:39', '2025-07-03 01:44:39'),
('1312', 'ventas', 'VER_DETALLE', '1', '2025-07-03 01:44:40', '2025-07-03 01:44:40'),
('1313', 'ventas', 'VER_DETALLE', '1', '2025-07-03 01:44:43', '2025-07-03 01:44:43'),
('1314', 'ventas', 'ACCESO_MODULO', '4', '2025-07-03 01:46:55', '2025-07-03 01:46:55'),
('1315', 'ventas', 'CONSULTA_DATOS', '4', '2025-07-03 01:46:57', '2025-07-03 01:46:57'),
('1316', 'ventas', 'ACCESO_MODULO', '4', '2025-07-03 01:50:40', '2025-07-03 01:50:40'),
('1317', 'ventas', 'CONSULTA_DATOS', '4', '2025-07-03 01:50:51', '2025-07-03 01:50:51'),
('1318', 'ventas', 'VER_DETALLE', '4', '2025-07-03 01:50:53', '2025-07-03 01:50:53'),
('1319', 'ventas', 'ELIMINAR', '4', '2025-07-03 01:50:58', '2025-07-03 01:50:58'),
('1320', 'ventas', 'CONSULTA_DATOS', '4', '2025-07-03 01:50:59', '2025-07-03 01:50:59'),
('1321', 'bitacora', 'ACCESO_MODULO', '1', '2025-07-03 01:51:03', '2025-07-03 01:51:03'),
('1322', 'ventas', 'ACCESO_MODULO', '4', '2025-07-03 01:54:05', '2025-07-03 01:54:05'),
('1323', 'ventas', 'CONSULTA_DATOS', '4', '2025-07-03 01:54:06', '2025-07-03 01:54:06'),
('1324', 'movimientos', 'ACCESO_MODULO', '4', '2025-07-03 01:54:07', '2025-07-03 01:54:07'),
('1325', 'movimientos', 'ACCESO_MODULO', '4', '2025-07-03 01:58:51', '2025-07-03 01:58:51'),
('1326', 'ventas', 'ACCESO_MODULO', '4', '2025-07-03 01:58:59', '2025-07-03 01:58:59'),
('1327', 'ventas', 'CONSULTA_DATOS', '4', '2025-07-03 01:58:59', '2025-07-03 01:58:59'),
('1328', 'usuarios', 'ACCESO_MODULO', '1', '2025-07-03 02:14:11', '2025-07-03 02:14:11'),
('1329', 'usuarios', 'CONSULTA_LISTADO', '1', '2025-07-03 02:14:12', '2025-07-03 02:14:12'),
('1330', 'ventas', 'ACCESO_MODULO', '1', '2025-07-03 02:14:48', '2025-07-03 02:14:48'),
('1331', 'ventas', 'CONSULTA_DATOS', '1', '2025-07-03 02:14:50', '2025-07-03 02:14:50'),
('1332', 'ventas', 'VER_DETALLE', '1', '2025-07-03 02:14:51', '2025-07-03 02:14:51'),
('1333', 'clientes', 'ACCESO_MODULO', '1', '2025-07-03 02:14:56', '2025-07-03 02:14:56'),
('1334', 'clientes', 'CONSULTA_LISTADO', '1', '2025-07-03 02:14:57', '2025-07-03 02:14:57'),
('1335', 'clientes', 'VER_CLIENTE', '1', '2025-07-03 02:14:59', '2025-07-03 02:14:59'),
('1336', 'clientes', 'VER_CLIENTE', '1', '2025-07-03 02:15:12', '2025-07-03 02:15:12'),
('1337', 'clientes', 'VER_CLIENTE', '1', '2025-07-03 02:15:21', '2025-07-03 02:15:21'),
('1338', 'clientes', 'VER_CLIENTE', '1', '2025-07-03 02:15:27', '2025-07-03 02:15:27'),
('1339', 'clientes', 'EXPORTAR_CLIENTES', '1', '2025-07-03 02:15:45', '2025-07-03 02:15:45'),
('1340', 'usuarios', 'ACCESO_MODULO', '1', '2025-07-03 02:18:28', '2025-07-03 02:18:28'),
('1341', 'usuarios', 'CONSULTA_LISTADO', '1', '2025-07-03 02:18:32', '2025-07-03 02:18:32'),
('1342', 'usuarios', 'VER_USUARIO', '1', '2025-07-03 02:18:52', '2025-07-03 02:18:52'),
('1343', 'usuarios', 'ACTUALIZAR_USUARIO', '1', '2025-07-03 02:19:49', '2025-07-03 02:19:49'),
('1344', 'usuarios', 'CONSULTA_LISTADO', '1', '2025-07-03 02:19:50', '2025-07-03 02:19:50'),
('1345', 'ventas', 'ACCESO_MODULO', '18', '2025-07-03 02:21:56', '2025-07-03 02:21:56'),
('1346', 'ventas', 'CONSULTA_DATOS', '18', '2025-07-03 02:21:56', '2025-07-03 02:21:56'),
('1347', 'clientes', 'ACCESO_MODULO', '1', '2025-07-03 02:24:18', '2025-07-03 02:24:18'),
('1348', 'clientes', 'CONSULTA_LISTADO', '1', '2025-07-03 02:24:20', '2025-07-03 02:24:20'),
('1349', 'clientes', 'VER_CLIENTE', '1', '2025-07-03 02:25:01', '2025-07-03 02:25:01'),
('1350', 'clientes', 'VER_CLIENTE', '1', '2025-07-03 02:28:43', '2025-07-03 02:28:43'),
('1351', 'clientes', 'ACCESO_MODULO', '1', '2025-07-02 22:32:16', '2025-07-02 22:32:16'),
('1352', 'clientes', 'CONSULTA_LISTADO', '1', '2025-07-02 22:32:18', '2025-07-02 22:32:18'),
('1353', 'clientes', 'VER_CLIENTE', '1', '2025-07-02 22:32:23', '2025-07-02 22:32:23'),
('1354', 'clientes', 'ACCESO_MODULO', '1', '2025-07-02 22:32:34', '2025-07-02 22:32:34'),
('1355', 'clientes', 'CONSULTA_LISTADO', '1', '2025-07-02 22:32:40', '2025-07-02 22:32:40'),
('1356', 'ventas', 'ACCESO_MODULO', '18', '2025-07-02 22:36:58', '2025-07-02 22:36:58'),
('1357', 'ventas', 'CONSULTA_DATOS', '18', '2025-07-02 22:37:00', '2025-07-02 22:37:00'),
('1358', 'ventas', 'ACCESO_MODULO', '18', '2025-07-02 22:37:01', '2025-07-02 22:37:01'),
('1359', 'ventas', 'CONSULTA_DATOS', '18', '2025-07-02 22:37:02', '2025-07-02 22:37:02'),
('1360', 'clientes', 'ACCESO_MODULO', '1', '2025-07-02 22:40:59', '2025-07-02 22:40:59'),
('1361', 'clientes', 'CONSULTA_LISTADO', '1', '2025-07-02 22:41:02', '2025-07-02 22:41:02'),
('1362', 'clientes', 'VER_CLIENTE', '1', '2025-07-02 22:41:04', '2025-07-02 22:41:04'),
('1363', 'clientes', 'ACCESO_MODULO', '1', '2025-07-02 22:41:10', '2025-07-02 22:41:10'),
('1364', 'clientes', 'CONSULTA_LISTADO', '1', '2025-07-02 22:41:13', '2025-07-02 22:41:13'),
('1365', 'clientes', 'ACCESO_MODULO', '1', '2025-07-02 22:41:43', '2025-07-02 22:41:43'),
('1366', 'clientes', 'CONSULTA_LISTADO', '1', '2025-07-02 22:41:45', '2025-07-02 22:41:45'),
('1367', 'clientes', 'VER_CLIENTE', '1', '2025-07-02 22:41:47', '2025-07-02 22:41:47'),
('1368', 'clientes', 'ACCESO_MODULO', '1', '2025-07-02 22:42:13', '2025-07-02 22:42:13'),
('1369', 'clientes', 'ACCESO_MODULO', '1', '2025-07-02 22:42:18', '2025-07-02 22:42:18'),
('1370', 'clientes', 'CONSULTA_LISTADO', '1', '2025-07-02 22:42:23', '2025-07-02 22:42:23'),
('1371', 'clientes', 'ACCESO_MODULO', '1', '2025-07-02 22:46:38', '2025-07-02 22:46:38'),
('1372', 'clientes', 'CONSULTA_LISTADO', '1', '2025-07-02 22:46:39', '2025-07-02 22:46:39'),
('1373', 'clientes', 'VER_CLIENTE', '1', '2025-07-02 22:46:41', '2025-07-02 22:46:41'),
('1374', 'clientes', 'ELIMINAR_CLIENTE', '1', '2025-07-02 22:47:27', '2025-07-02 22:47:27'),
('1375', 'clientes', 'CONSULTA_LISTADO', '1', '2025-07-02 22:47:27', '2025-07-02 22:47:27'),
('1376', 'bitacora', 'ACCESO_MODULO', '1', '2025-07-02 22:47:30', '2025-07-02 22:47:30'),
('1377', 'compras', 'ACCESO_MODULO', '1', '2025-07-02 22:50:59', '2025-07-02 22:50:59'),
('1378', 'compras', 'ACCESO_MODULO', '1', '2025-07-02 23:11:08', '2025-07-02 23:11:08'),
('1379', 'ventas', 'ACCESO_MODULO', '18', '2025-07-03 00:32:21', '2025-07-03 00:32:21'),
('1380', 'ventas', 'CONSULTA_DATOS', '18', '2025-07-03 00:32:24', '2025-07-03 00:32:24'),
('1381', 'ventas', 'ACCESO_MODULO', '18', '2025-07-03 00:32:58', '2025-07-03 00:32:58'),
('1382', 'ventas', 'CONSULTA_DATOS', '18', '2025-07-03 00:32:59', '2025-07-03 00:32:59'),
('1383', 'usuarios', 'ACCESO_MODULO', '1', '2025-07-03 00:50:58', '2025-07-03 00:50:58'),
('1384', 'usuarios', 'CONSULTA_LISTADO', '1', '2025-07-03 00:50:59', '2025-07-03 00:50:59'),
('1385', 'usuarios', 'ACCESO_MODULO', '1', '2025-07-03 01:01:07', '2025-07-03 01:01:07'),
('1386', 'usuarios', 'CONSULTA_LISTADO', '1', '2025-07-03 01:01:09', '2025-07-03 01:01:09'),
('1387', 'usuarios', 'ACCESO_MODULO', '1', '2025-07-03 01:01:32', '2025-07-03 01:01:32'),
('1388', 'usuarios', 'CONSULTA_LISTADO', '1', '2025-07-03 01:01:34', '2025-07-03 01:01:34'),
('1389', 'usuarios', 'ACCESO_MODULO', '1', '2025-07-03 01:04:42', '2025-07-03 01:04:42'),
('1390', 'usuarios', 'CONSULTA_LISTADO', '1', '2025-07-03 01:04:44', '2025-07-03 01:04:44'),
('1391', 'usuarios', 'ACCESO_MODULO', '1', '2025-07-03 01:05:03', '2025-07-03 01:05:03'),
('1392', 'usuarios', 'CONSULTA_LISTADO', '1', '2025-07-03 01:05:07', '2025-07-03 01:05:07'),
('1393', 'usuarios', 'ACCESO_MODULO', '1', '2025-07-03 01:09:15', '2025-07-03 01:09:15'),
('1394', 'usuarios', 'CONSULTA_LISTADO', '1', '2025-07-03 01:09:18', '2025-07-03 01:09:18'),
('1395', 'usuarios', 'ACCESO_MODULO', '1', '2025-07-03 01:09:35', '2025-07-03 01:09:35'),
('1396', 'usuarios', 'CONSULTA_LISTADO', '1', '2025-07-03 01:09:37', '2025-07-03 01:09:37'),
('1397', 'usuarios', 'ACCESO_MODULO', '1', '2025-07-03 01:09:44', '2025-07-03 01:09:44'),
('1398', 'usuarios', 'ACCESO_MODULO', '1', '2025-07-03 01:09:51', '2025-07-03 01:09:51'),
('1399', 'usuarios', 'ACCESO_MODULO', '1', '2025-07-03 01:09:54', '2025-07-03 01:09:54'),
('1400', 'usuarios', 'CONSULTA_LISTADO', '1', '2025-07-03 01:09:56', '2025-07-03 01:09:56'),
('1401', 'usuarios', 'ACCESO_MODULO', '1', '2025-07-03 01:10:07', '2025-07-03 01:10:07'),
('1402', 'usuarios', 'CONSULTA_LISTADO', '1', '2025-07-03 01:10:10', '2025-07-03 01:10:10'),
('1403', 'usuarios', 'ACCESO_MODULO', '1', '2025-07-03 08:37:15', '2025-07-03 08:37:15'),
('1404', 'usuarios', 'CONSULTA_LISTADO', '1', '2025-07-03 08:37:18', '2025-07-03 08:37:18'),
('1405', 'usuarios', 'ACCESO_MODULO', '1', '2025-07-03 08:42:03', '2025-07-03 08:42:03'),
('1406', 'usuarios', 'CONSULTA_LISTADO', '1', '2025-07-03 08:42:05', '2025-07-03 08:42:05'),
('1407', 'roles', 'ACCESO_MODULO', '1', '2025-07-03 08:44:57', '2025-07-03 08:44:57'),
('1408', 'roles', 'CONSULTA', '1', '2025-07-03 08:44:58', '2025-07-03 08:44:58'),
('1409', 'usuarios', 'ACCESO_MODULO', '1', '2025-07-03 08:51:10', '2025-07-03 08:51:10'),
('1410', 'usuarios', 'CONSULTA_LISTADO', '1', '2025-07-03 08:51:11', '2025-07-03 08:51:11'),
('1411', 'roles', 'ACCESO_MODULO', '1', '2025-07-03 08:51:13', '2025-07-03 08:51:13'),
('1412', 'roles', 'CONSULTA', '1', '2025-07-03 08:51:15', '2025-07-03 08:51:15'),
('1413', 'roles', 'ACCESO_MODULO', '1', '2025-07-03 08:51:16', '2025-07-03 08:51:16'),
('1414', 'roles', 'CONSULTA', '1', '2025-07-03 08:51:18', '2025-07-03 08:51:18'),
('1415', 'usuarios', 'ACCESO_MODULO', '1', '2025-07-03 08:53:41', '2025-07-03 08:53:41'),
('1416', 'usuarios', 'CONSULTA_LISTADO', '1', '2025-07-03 08:53:43', '2025-07-03 08:53:43'),
('1417', 'usuarios', 'ACCESO_MODULO', '1', '2025-07-03 08:55:08', '2025-07-03 08:55:08'),
('1418', 'usuarios', 'CONSULTA_LISTADO', '1', '2025-07-03 08:55:11', '2025-07-03 08:55:11'),
('1419', 'roles', 'ACCESO_MODULO', '1', '2025-07-03 08:55:12', '2025-07-03 08:55:12'),
('1420', 'roles', 'CONSULTA', '1', '2025-07-03 08:55:13', '2025-07-03 08:55:13'),
('1421', 'roles', 'ACCESO_MODULO', '1', '2025-07-03 08:55:17', '2025-07-03 08:55:17'),
('1422', 'roles', 'CONSULTA', '1', '2025-07-03 08:55:19', '2025-07-03 08:55:19'),
('1423', 'roles', 'ACCESO_MODULO', '1', '2025-07-03 08:56:58', '2025-07-03 08:56:58'),
('1424', 'roles', 'CONSULTA', '1', '2025-07-03 08:57:00', '2025-07-03 08:57:00'),
('1425', 'roles', 'ACCESO_MODULO', '1', '2025-07-03 08:57:46', '2025-07-03 08:57:46'),
('1426', 'roles', 'CONSULTA', '1', '2025-07-03 08:57:48', '2025-07-03 08:57:48'),
('1427', 'usuarios', 'ACCESO_MODULO', '1', '2025-07-03 08:58:32', '2025-07-03 08:58:32'),
('1428', 'usuarios', 'CONSULTA_LISTADO', '1', '2025-07-03 08:58:33', '2025-07-03 08:58:33'),
('1429', 'usuarios', 'ACCESO_MODULO', '1', '2025-07-03 09:03:42', '2025-07-03 09:03:42'),
('1430', 'usuarios', 'CONSULTA_LISTADO', '1', '2025-07-03 09:03:45', '2025-07-03 09:03:45'),
('1431', 'bitacora', 'ACCESO_MODULO', '1', '2025-07-03 09:24:00', '2025-07-03 09:24:00'),
('1432', 'bitacora', 'LIMPIEZA', '1', '2025-07-03 09:24:34', '2025-07-03 09:24:34'),
('1433', 'bitacora', 'ACCESO_MODULO', '1', '2025-07-03 09:42:16', '2025-07-03 09:42:16'),
('1434', 'usuarios', 'ACCESO_MODULO', '1', '2025-07-03 09:42:51', '2025-07-03 09:42:51'),
('1435', 'usuarios', 'CONSULTA_LISTADO', '1', '2025-07-03 09:42:53', '2025-07-03 09:42:53'),
('1436', 'ventas', 'ACCESO_MODULO', '1', '2025-07-03 09:54:46', '2025-07-03 09:54:46'),
('1437', 'ventas', 'CONSULTA_DATOS', '1', '2025-07-03 09:54:47', '2025-07-03 09:54:47'),
('1438', 'ventas', 'CONSULTA_MONEDAS', '1', '2025-07-03 09:54:52', '2025-07-03 09:54:52'),
('1439', 'ventas', 'CONSULTA_PRODUCTOS_D', '1', '2025-07-03 09:54:52', '2025-07-03 09:54:52'),
('1440', 'roles', 'ACCESO_MODULO', '1', '2025-07-03 09:57:07', '2025-07-03 09:57:07'),
('1441', 'roles', 'CONSULTA_LISTADO', '1', '2025-07-03 09:57:08', '2025-07-03 09:57:08'),
('1442', 'roles', 'ACCESO_MODULO', '1', '2025-07-03 09:57:19', '2025-07-03 09:57:19'),
('1443', 'roles', 'CONSULTA_LISTADO', '1', '2025-07-03 09:57:20', '2025-07-03 09:57:20'),
('1444', 'roles', 'CONSULTA_DETALLE', '1', '2025-07-03 09:57:26', '2025-07-03 09:57:26'),
('1445', 'roles', 'ACCESO_MODULO', '1', '2025-07-03 10:00:31', '2025-07-03 10:00:31'),
('1446', 'roles', 'CONSULTA_LISTADO', '1', '2025-07-03 10:00:32', '2025-07-03 10:00:32'),
('1447', 'bitacora', 'ACCESO_MODULO', '1', '2025-07-03 10:00:40', '2025-07-03 10:00:40'),
('1448', 'bitacora', 'ACCESO_MODULO', '1', '2025-07-03 10:01:47', '2025-07-03 10:01:47'),
('1449', 'bitacora', 'ACCESO_MODULO', '1', '2025-07-03 10:12:19', '2025-07-03 10:12:19'),
('1450', 'bitacora', 'ACCESO_MODULO', '1', '2025-07-03 10:12:40', '2025-07-03 10:12:40'),
('1451', 'bitacora', 'ACCESO_MODULO', '1', '2025-07-03 10:13:01', '2025-07-03 10:13:01'),
('1452', 'bitacora', 'ACCESO_MODULO', '1', '2025-07-03 10:13:31', '2025-07-03 10:13:31'),
('1453', 'bitacora', 'ACCESO_MODULO', '1', '2025-07-03 10:20:02', '2025-07-03 10:20:02'),
('1454', 'bitacora', 'ACCESO_MODULO', '1', '2025-07-03 10:20:17', '2025-07-03 10:20:17'),
('1455', 'bitacora', 'ACCESO_MODULO', '1', '2025-07-03 10:20:36', '2025-07-03 10:20:36'),
('1456', 'bitacora', 'ACCESO_MODULO', '1', '2025-07-03 10:22:46', '2025-07-03 10:22:46'),
('1457', 'bitacora', 'ACCESO_MODULO', '1', '2025-07-03 10:38:56', '2025-07-03 10:38:56'),
('1458', 'bitacora', 'ACCESO_MODULO', '1', '2025-07-03 10:40:26', '2025-07-03 10:40:26'),
('1459', 'produccion', 'ACCESO_MODULO', '1', '2025-07-03 10:40:39', '2025-07-03 10:40:39'),
('1460', 'produccion', 'ACCESO_MODULO', '1', '2025-07-03 10:40:40', '2025-07-03 10:40:40'),
('1461', 'produccion', 'ACCESO_MODULO', '1', '2025-07-03 10:40:40', '2025-07-03 10:40:40'),
('1462', 'produccion', 'ACCESO_MODULO', '1', '2025-07-03 10:41:59', '2025-07-03 10:41:59'),
('1463', 'productos', 'ACCESO_MODULO', '1', '2025-07-03 10:42:05', '2025-07-03 10:42:05'),
('1464', 'ventas', 'ACCESO_MODULO', '1', '2025-07-03 10:42:14', '2025-07-03 10:42:14'),
('1465', 'ventas', 'CONSULTA_DATOS', '1', '2025-07-03 10:42:15', '2025-07-03 10:42:15'),
('1466', 'clientes', 'ACCESO_MODULO', '1', '2025-07-03 10:42:19', '2025-07-03 10:42:19'),
('1467', 'clientes', 'CONSULTA_LISTADO', '1', '2025-07-03 10:42:20', '2025-07-03 10:42:20'),
('1468', 'clientes', 'ACCESO_MODULO', '1', '2025-07-03 10:44:07', '2025-07-03 10:44:07'),
('1469', 'clientes', 'CONSULTA_LISTADO', '1', '2025-07-03 10:44:09', '2025-07-03 10:44:09'),
('1470', 'ventas', 'ACCESO_MODULO', '1', '2025-07-03 11:59:27', '2025-07-03 11:59:27'),
('1471', 'ventas', 'CONSULTA_DATOS', '1', '2025-07-03 11:59:28', '2025-07-03 11:59:28'),
('1472', 'produccion', 'ACCESO_MODULO', '1', '2025-07-03 11:59:50', '2025-07-03 11:59:50'),
('1473', 'lote_produccion', 'INSERTAR', '1', '2025-07-03 12:00:35', '2025-07-03 12:00:35'),
('1474', 'produccion', 'ACCESO_MODULO', '1', '2025-07-03 12:01:52', '2025-07-03 12:01:52'),
('1475', 'usuarios', 'ACCESO_MODULO', '1', '2025-07-03 12:02:06', '2025-07-03 12:02:06'),
('1476', 'usuarios', 'CONSULTA_LISTADO', '1', '2025-07-03 12:02:08', '2025-07-03 12:02:08'),
('1477', 'roles', 'ACCESO_MODULO', '1', '2025-07-03 12:02:12', '2025-07-03 12:02:12'),
('1478', 'roles', 'CONSULTA_LISTADO', '1', '2025-07-03 12:02:13', '2025-07-03 12:02:13'),
('1479', 'roles', 'CONSULTA_DETALLE', '1', '2025-07-03 12:02:20', '2025-07-03 12:02:20'),
('1480', 'roles', 'CONSULTA_DETALLE', '1', '2025-07-03 12:02:24', '2025-07-03 12:02:24'),
('1481', 'roles', 'EDITAR_ROL', '1', '2025-07-03 12:02:39', '2025-07-03 12:02:39'),
('1482', 'roles', 'CONSULTA_LISTADO', '1', '2025-07-03 12:02:39', '2025-07-03 12:02:39'),
('1483', 'roles', 'CREAR_ROL', '1', '2025-07-03 12:03:10', '2025-07-03 12:03:10'),
('1484', 'roles', 'CONSULTA_LISTADO', '1', '2025-07-03 12:03:11', '2025-07-03 12:03:11'),
('1485', 'compras', 'ACCESO_MODULO', '1', '2025-07-03 13:17:25', '2025-07-03 13:17:25'),
('1486', 'compras', 'ACCESO_MODULO', '1', '2025-07-03 13:17:48', '2025-07-03 13:17:48'),
('1487', 'compras', 'INSERTAR', '1', '2025-07-03 13:18:07', '2025-07-03 13:18:07'),
('1488', 'compras', 'CAMBIO_ESTADO', '1', '2025-07-03 13:18:20', '2025-07-03 13:18:20'),
('1489', 'roles', 'ACCESO_MODULO', '1', '2025-07-03 13:21:19', '2025-07-03 13:21:19'),
('1490', 'roles', 'CONSULTA_LISTADO', '1', '2025-07-03 13:21:20', '2025-07-03 13:21:20'),
('1491', 'compras', 'ACCESO_MODULO', '4', '2025-07-03 13:22:09', '2025-07-03 13:22:09'),
('1492', 'compras', 'ACCESO_MODULO', '1', '2025-07-03 13:22:22', '2025-07-03 13:22:22'),
('1493', 'compras', 'CAMBIO_ESTADO', '1', '2025-07-03 13:22:30', '2025-07-03 13:22:30'),
('1494', 'compras', 'ACCESO_MODULO', '4', '2025-07-03 13:22:45', '2025-07-03 13:22:45'),
('1495', 'compras', 'ACCESO_MODULO', '4', '2025-07-03 13:23:10', '2025-07-03 13:23:10'),
('1496', 'compras', 'ACCESO_MODULO', '4', '2025-07-03 13:24:38', '2025-07-03 13:24:38'),
('1497', 'compras', 'ACCESO_MODULO', '4', '2025-07-03 13:24:52', '2025-07-03 13:24:52'),
('1498', 'compras', 'ACCESO_MODULO', '4', '2025-07-03 13:25:36', '2025-07-03 13:25:36'),
('1499', 'compras', 'ACCESO_MODULO', '4', '2025-07-03 13:31:28', '2025-07-03 13:31:28'),
('1500', 'compras', 'ACCESO_MODULO', '4', '2025-07-03 13:32:02', '2025-07-03 13:32:02'),
('1501', 'compras', 'ACCESO_MODULO', '4', '2025-07-03 13:32:06', '2025-07-03 13:32:06'),
('1502', 'usuarios', 'ACCESO_MODULO', '1', '2025-07-03 13:32:35', '2025-07-03 13:32:35'),
('1503', 'usuarios', 'CONSULTA_LISTADO', '1', '2025-07-03 13:32:37', '2025-07-03 13:32:37'),
('1504', 'usuarios', 'VER_USUARIO', '1', '2025-07-03 13:32:41', '2025-07-03 13:32:41'),
('1505', 'usuarios', 'VER_USUARIO', '1', '2025-07-03 13:32:46', '2025-07-03 13:32:46'),
('1506', 'bitacora', 'ACCESO_MODULO', '1', '2025-07-03 13:33:06', '2025-07-03 13:33:06'),
('1507', 'movimientos', 'ACCESO_MODULO', '4', '2025-07-03 13:33:51', '2025-07-03 13:33:51'),
('1508', 'compras', 'ACCESO_MODULO', '4', '2025-07-03 13:33:56', '2025-07-03 13:33:56'),
('1509', 'compras', 'ACCESO_MODULO', '4', '2025-07-03 13:34:24', '2025-07-03 13:34:24'),
('1510', 'compras', 'ACCESO_MODULO', '1', '2025-07-03 13:34:33', '2025-07-03 13:34:33'),
('1511', 'compras', 'INSERTAR', '1', '2025-07-03 13:35:25', '2025-07-03 13:35:25'),
('1512', 'compras', 'ACCESO_MODULO', '1', '2025-07-03 13:35:53', '2025-07-03 13:35:53'),
('1513', 'compras', 'ACCESO_MODULO', '4', '2025-07-03 13:36:05', '2025-07-03 13:36:05'),
('1514', 'compras', 'INSERTAR', '4', '2025-07-03 13:36:43', '2025-07-03 13:36:43'),
('1515', 'compras', 'ACCESO_MODULO', '1', '2025-07-03 13:36:50', '2025-07-03 13:36:50'),
('1516', 'compras', 'CAMBIO_ESTADO', '4', '2025-07-03 13:37:02', '2025-07-03 13:37:02'),
('1517', 'compras', 'ACCESO_MODULO', '1', '2025-07-03 13:37:06', '2025-07-03 13:37:06'),
('1518', 'compras', 'CAMBIO_ESTADO', '1', '2025-07-03 13:37:20', '2025-07-03 13:37:20'),
('1519', 'compras', 'ACCESO_MODULO', '4', '2025-07-03 13:37:25', '2025-07-03 13:37:25'),
('1520', 'pagos', 'ACCESO_MODULO', '1', '2025-07-03 13:43:09', '2025-07-03 13:43:09'),
('1521', 'pagos', 'ACCESO_MODULO', '1', '2025-07-03 13:43:17', '2025-07-03 13:43:17'),
('1522', 'pagos', 'ACCESO_MODULO', '1', '2025-07-03 13:43:41', '2025-07-03 13:43:41'),
('1523', 'pagos', 'ACCESO_MODULO', '1', '2025-07-03 13:46:47', '2025-07-03 13:46:47'),
('1524', 'pagos', 'CREAR_PAGO', '1', '2025-07-03 13:47:44', '2025-07-03 13:47:44'),
('1525', 'compras', 'ACCESO_MODULO', '4', '2025-07-03 13:47:53', '2025-07-03 13:47:53'),
('1526', 'pagos', 'ACCESO_MODULO', '1', '2025-07-03 13:49:33', '2025-07-03 13:49:33'),
('1527', 'pagos', 'ACCESO_MODULO', '1', '2025-07-03 13:58:16', '2025-07-03 13:58:16'),
('1528', 'pagos', 'ACCESO_MODULO', '1', '2025-07-03 13:59:17', '2025-07-03 13:59:17'),
('1529', 'pagos', 'ACCESO_MODULO', '1', '2025-07-03 14:02:06', '2025-07-03 14:02:06'),
('1530', 'pagos', 'ACCESO_MODULO', '1', '2025-07-03 14:02:35', '2025-07-03 14:02:35'),
('1531', 'pagos', 'CONCILIAR_PAGO', '1', '2025-07-03 14:02:41', '2025-07-03 14:02:41'),
('1532', 'compras', 'ACCESO_MODULO', '4', '2025-07-03 14:05:34', '2025-07-03 14:05:34'),
('1533', 'bitacora', 'ACCESO_MODULO', '1', '2025-07-03 14:06:40', '2025-07-03 14:06:40'),
('1534', 'roles', 'ACCESO_MODULO', '1', '2025-07-03 14:32:51', '2025-07-03 14:32:51'),
('1535', 'roles', 'CONSULTA_LISTADO', '1', '2025-07-03 14:32:52', '2025-07-03 14:32:52'),
('1536', 'roles', 'ELIMINAR_ROL', '1', '2025-07-03 14:32:56', '2025-07-03 14:32:56'),
('1537', 'roles', 'CONSULTA_LISTADO', '1', '2025-07-03 14:32:56', '2025-07-03 14:32:56'),
('1538', 'roles', 'CREAR_ROL', '1', '2025-07-03 14:33:38', '2025-07-03 14:33:38'),
('1539', 'roles', 'CONSULTA_LISTADO', '1', '2025-07-03 14:33:38', '2025-07-03 14:33:38'),
('1540', 'usuarios', 'ACCESO_MODULO', '1', '2025-07-03 14:34:59', '2025-07-03 14:34:59'),
('1541', 'usuarios', 'CONSULTA_LISTADO', '1', '2025-07-03 14:35:00', '2025-07-03 14:35:00'),
('1542', 'usuarios', 'VER_USUARIO', '1', '2025-07-03 14:35:06', '2025-07-03 14:35:06'),
('1543', 'usuarios', 'ACTUALIZAR_USUARIO', '1', '2025-07-03 14:35:12', '2025-07-03 14:35:12'),
('1544', 'usuarios', 'CONSULTA_LISTADO', '1', '2025-07-03 14:35:12', '2025-07-03 14:35:12'),
('1545', 'ventas', 'ACCESO_MODULO', '4', '2025-07-03 14:38:02', '2025-07-03 14:38:02'),
('1546', 'ventas', 'CONSULTA_DATOS', '4', '2025-07-03 14:38:03', '2025-07-03 14:38:03'),
('1547', 'pagos', 'ACCESO_MODULO', '4', '2025-07-03 14:38:08', '2025-07-03 14:38:08'),
('1548', 'movimientos', 'ACCESO_MODULO', '1', '2025-07-03 14:40:42', '2025-07-03 14:40:42'),
('1549', 'ventas', 'ACCESO_MODULO', '1', '2025-07-03 14:40:59', '2025-07-03 14:40:59'),
('1550', 'ventas', 'CONSULTA_DATOS', '1', '2025-07-03 14:41:00', '2025-07-03 14:41:00'),
('1551', 'usuarios', 'ACCESO_MODULO', '1', '2025-07-03 14:43:51', '2025-07-03 14:43:51'),
('1552', 'usuarios', 'CONSULTA_LISTADO', '1', '2025-07-03 14:43:53', '2025-07-03 14:43:53'),
('1553', 'produccion', 'ACCESO_MODULO', '1', '2025-07-03 14:51:06', '2025-07-03 14:51:06'),
('1554', 'lote_produccion', 'INICIAR', '1', '2025-07-03 14:51:30', '2025-07-03 14:51:30'),
('1555', 'produccion', 'ACCESO_MODULO', '1', '2025-07-03 14:53:45', '2025-07-03 14:53:45'),
('1556', 'produccion', 'ACCESO_MODULO', '1', '2025-07-03 14:54:52', '2025-07-03 14:54:52'),
('1557', 'clientes', 'ACCESO_MODULO', '1', '2025-07-03 14:55:00', '2025-07-03 14:55:00'),
('1558', 'clientes', 'CONSULTA_LISTADO', '1', '2025-07-03 14:55:01', '2025-07-03 14:55:01'),
('1559', 'compras', 'ACCESO_MODULO', '1', '2025-07-03 14:55:07', '2025-07-03 14:55:07'),
('1560', 'compras', 'ACCESO_MODULO', '1', '2025-07-03 14:55:46', '2025-07-03 14:55:46'),
('1561', 'movimientos', 'ACCESO_MODULO', '1', '2025-07-03 14:55:51', '2025-07-03 14:55:51'),
('1562', 'produccion', 'ACCESO_MODULO', '1', '2025-07-03 14:55:56', '2025-07-03 14:55:56'),
('1563', 'produccion', 'ACCESO_MODULO', '1', '2025-07-03 14:56:40', '2025-07-03 14:56:40'),
('1564', 'produccion', 'ACCESO_MODULO', '1', '2025-07-03 14:57:11', '2025-07-03 14:57:11'),
('1565', 'produccion', 'ACCESO_MODULO', '1', '2025-07-03 14:57:35', '2025-07-03 14:57:35'),
('1566', 'produccion', 'ACCESO_MODULO', '1', '2025-07-03 14:58:39', '2025-07-03 14:58:39'),
('1567', 'produccion', 'ACCESO_MODULO', '1', '2025-07-03 14:59:23', '2025-07-03 14:59:23'),
('1568', 'produccion', 'ACCESO_MODULO', '1', '2025-07-03 14:59:35', '2025-07-03 14:59:35'),
('1569', 'produccion', 'ACCESO_MODULO', '1', '2025-07-03 15:00:07', '2025-07-03 15:00:07'),
('1570', 'produccion', 'ACCESO_MODULO', '1', '2025-07-03 15:01:33', '2025-07-03 15:01:33'),
('1571', 'movimientos', 'ACCESO_MODULO', '1', '2025-07-03 15:44:53', '2025-07-03 15:44:53'),
('1572', 'movimientos', 'ACCESO_MODULO', '1', '2025-07-03 15:45:25', '2025-07-03 15:45:25'),
('1573', 'movimientos', 'ACCESO_MODULO', '1', '2025-07-03 15:46:14', '2025-07-03 15:46:14'),
('1574', 'ventas', 'ACCESO_MODULO', '1', '2025-07-03 15:46:40', '2025-07-03 15:46:40'),
('1575', 'ventas', 'CONSULTA_DATOS', '1', '2025-07-03 15:46:41', '2025-07-03 15:46:41'),
('1576', 'pagos', 'ACCESO_MODULO', '1', '2025-07-03 15:46:54', '2025-07-03 15:46:54'),
('1577', 'pagos', 'ACCESO_MODULO', '1', '2025-07-03 15:47:24', '2025-07-03 15:47:24'),
('1578', 'pagos', 'ACCESO_MODULO', '1', '2025-07-03 15:48:39', '2025-07-03 15:48:39'),
('1579', 'pagos', 'ACCESO_MODULO', '1', '2025-07-03 15:56:41', '2025-07-03 15:56:41'),
('1580', 'pagos', 'ACTUALIZAR_PAGO', '1', '2025-07-03 15:57:05', '2025-07-03 15:57:05'),
('1581', 'pagos', 'ACCESO_MODULO', '1', '2025-07-03 15:58:35', '2025-07-03 15:58:35'),
('1582', 'pagos', 'ACCESO_MODULO', '1', '2025-07-03 15:59:23', '2025-07-03 15:59:23'),
('1583', 'movimientos', 'ACCESO_MODULO', '1', '2025-07-03 15:59:56', '2025-07-03 15:59:56'),
('1584', 'ventas', 'ACCESO_MODULO', '1', '2025-07-03 16:02:22', '2025-07-03 16:02:22'),
('1585', 'ventas', 'CONSULTA_DATOS', '1', '2025-07-03 16:02:22', '2025-07-03 16:02:22'),
('1586', 'ventas', 'VER_DETALLE', '1', '2025-07-03 16:02:33', '2025-07-03 16:02:33'),
('1587', 'ventas', 'VER_DETALLE', '1', '2025-07-03 16:02:36', '2025-07-03 16:02:36'),
('1588', 'bitacora', 'ACCESO_MODULO', '1', '2025-07-03 16:03:49', '2025-07-03 16:03:49'),
('1589', 'roles', 'ACCESO_MODULO', '1', '2025-07-03 16:06:03', '2025-07-03 16:06:03'),
('1590', 'roles', 'CONSULTA_LISTADO', '1', '2025-07-03 16:06:04', '2025-07-03 16:06:04'),
('1591', 'roles', 'CONSULTA_DETALLE', '1', '2025-07-03 16:06:13', '2025-07-03 16:06:13'),
('1592', 'compras', 'ACCESO_MODULO', '1', '2025-07-03 16:07:55', '2025-07-03 16:07:55'),
('1593', 'bitacora', 'ACCESO_MODULO', '1', '2025-07-03 16:08:03', '2025-07-03 16:08:03'),
('1594', 'bitacora', 'LIMPIEZA', '1', '2025-07-03 16:08:40', '2025-07-03 16:08:40'),
('1595', 'bitacora', 'ACCESO_MODULO', '1', '2025-07-03 16:09:05', '2025-07-03 16:09:05'),
('1596', 'usuarios', 'ACCESO_MODULO', '1', '2025-07-03 16:11:44', '2025-07-03 16:11:44'),
('1597', 'usuarios', 'CONSULTA_LISTADO', '1', '2025-07-03 16:11:46', '2025-07-03 16:11:46'),
('1598', 'produccion', 'ACCESO_MODULO', '1', '2025-07-03 16:32:19', '2025-07-03 16:32:19'),
('1599', 'usuarios', 'ACCESO_MODULO', '1', '2025-07-03 16:42:59', '2025-07-03 16:42:59'),
('1600', 'usuarios', 'CONSULTA_LISTADO', '1', '2025-07-03 16:43:01', '2025-07-03 16:43:01'),
('1601', 'ventas', 'ACCESO_MODULO', '1', '2025-07-03 16:46:50', '2025-07-03 16:46:50'),
('1602', 'ventas', 'CONSULTA_DATOS', '1', '2025-07-03 16:46:51', '2025-07-03 16:46:51'),
('1603', 'ventas', 'ACCESO_MODULO', '1', '2025-07-03 16:47:17', '2025-07-03 16:47:17'),
('1604', 'ventas', 'CONSULTA_DATOS', '1', '2025-07-03 16:47:18', '2025-07-03 16:47:18'),
('1605', 'ventas', 'ACCESO_MODULO', '1', '2025-07-03 16:47:46', '2025-07-03 16:47:46'),
('1606', 'ventas', 'CONSULTA_DATOS', '1', '2025-07-03 16:47:47', '2025-07-03 16:47:47'),
('1607', 'compras', 'ACCESO_MODULO', '1', '2025-07-03 16:49:57', '2025-07-03 16:49:57'),
('1608', 'compras', 'ACCESO_MODULO', '1', '2025-07-03 16:51:20', '2025-07-03 16:51:20'),
('1609', 'compras', 'INSERTAR', '1', '2025-07-03 16:55:19', '2025-07-03 16:55:19'),
('1610', 'compras', 'CAMBIO_ESTADO', '1', '2025-07-03 16:55:32', '2025-07-03 16:55:32'),
('1611', 'compras', 'CAMBIO_ESTADO', '1', '2025-07-03 16:55:57', '2025-07-03 16:55:57'),
('1612', 'pagos', 'ACCESO_MODULO', '1', '2025-07-03 16:56:11', '2025-07-03 16:56:11'),
('1613', 'pagos', 'CREAR_PAGO', '1', '2025-07-03 16:56:37', '2025-07-03 16:56:37'),
('1614', 'pagos', 'CONCILIAR_PAGO', '1', '2025-07-03 16:56:48', '2025-07-03 16:56:48'),
('1615', 'compras', 'ACCESO_MODULO', '1', '2025-07-03 16:57:15', '2025-07-03 16:57:15'),
('1616', 'compras', 'ACCESO_MODULO', '1', '2025-07-03 16:58:06', '2025-07-03 16:58:06'),
('1617', 'produccion', 'ACCESO_MODULO', '1', '2025-07-03 17:00:19', '2025-07-03 17:00:19'),
('1618', 'ventas', 'ACCESO_MODULO', '1', '2025-07-05 19:03:52', '2025-07-05 19:03:52'),
('1619', 'ventas', 'CONSULTA_DATOS', '1', '2025-07-05 19:03:53', '2025-07-05 19:03:53'),
('1620', 'ventas', 'ACCESO_MODULO', '1', '2025-07-05 19:06:02', '2025-07-05 19:06:02'),
('1621', 'ventas', 'CONSULTA_DATOS', '1', '2025-07-05 19:06:04', '2025-07-05 19:06:04'),
('1622', 'compras', 'ACCESO_MODULO', '1', '2025-07-05 19:06:06', '2025-07-05 19:06:06'),
('1623', 'compras', 'ACCESO_MODULO', '1', '2025-07-05 19:21:14', '2025-07-05 19:21:14'),
('1624', 'compras', 'ACCESO_MODULO', '1', '2025-07-05 19:21:48', '2025-07-05 19:21:48'),
('1625', 'compras', 'INSERTAR', '1', '2025-07-05 19:22:28', '2025-07-05 19:22:28'),
('1626', 'compras', 'INSERTAR', '1', '2025-07-05 19:26:28', '2025-07-05 19:26:28'),
('1627', 'compras', 'ACCESO_MODULO', '1', '2025-07-05 15:39:26', '2025-07-05 15:39:26'),
('1628', 'ventas', 'ACCESO_MODULO', '1', '2025-07-05 15:42:33', '2025-07-05 15:42:33'),
('1629', 'ventas', 'CONSULTA_DATOS', '1', '2025-07-05 15:42:34', '2025-07-05 15:42:34'),
('1630', 'ventas', 'ACCESO_MODULO', '1', '2025-07-05 15:43:01', '2025-07-05 15:43:01'),
('1631', 'ventas', 'ACCESO_MODULO', '1', '2025-07-05 15:43:17', '2025-07-05 15:43:17'),
('1632', 'ventas', 'ACCESO_MODULO', '1', '2025-07-05 15:45:13', '2025-07-05 15:45:13'),
('1633', 'ventas', 'ACCESO_MODULO', '1', '2025-07-05 15:47:12', '2025-07-05 15:47:12'),
('1634', 'ventas', 'CONSULTA_DATOS', '1', '2025-07-05 15:47:14', '2025-07-05 15:47:14'),
('1635', 'ventas', 'ACCESO_MODULO', '1', '2025-07-05 15:47:36', '2025-07-05 15:47:36'),
('1636', 'ventas', 'CONSULTA_DATOS', '1', '2025-07-05 15:47:38', '2025-07-05 15:47:38'),
('1637', 'compras', 'ACCESO_MODULO', '1', '2025-07-05 15:47:41', '2025-07-05 15:47:41'),
('1638', 'ventas', 'ACCESO_MODULO', '1', '2025-07-05 15:47:47', '2025-07-05 15:47:47'),
('1639', 'ventas', 'CONSULTA_DATOS', '1', '2025-07-05 15:47:48', '2025-07-05 15:47:48'),
('1640', 'ventas', 'ACCESO_MODULO', '1', '2025-07-05 15:48:20', '2025-07-05 15:48:20'),
('1641', 'ventas', 'CONSULTA_DATOS', '1', '2025-07-05 15:48:21', '2025-07-05 15:48:21'),
('1642', 'ventas', 'ACCESO_MODULO', '1', '2025-07-05 15:48:28', '2025-07-05 15:48:28'),
('1643', 'ventas', 'CONSULTA_DATOS', '1', '2025-07-05 15:48:30', '2025-07-05 15:48:30'),
('1644', 'compras', 'ACCESO_MODULO', '1', '2025-07-05 15:48:57', '2025-07-05 15:48:57'),
('1645', 'ventas', 'ACCESO_MODULO', '1', '2025-07-05 15:49:11', '2025-07-05 15:49:11'),
('1646', 'ventas', 'CONSULTA_DATOS', '1', '2025-07-05 15:49:12', '2025-07-05 15:49:12'),
('1647', 'ventas', 'ACCESO_MODULO', '1', '2025-07-05 15:51:33', '2025-07-05 15:51:33'),
('1648', 'ventas', 'ACCESO_MODULO', '1', '2025-07-05 15:51:43', '2025-07-05 15:51:43'),
('1649', 'ventas', 'CONSULTA_DATOS', '1', '2025-07-05 15:51:45', '2025-07-05 15:51:45'),
('1650', 'ventas', 'VER_DETALLE', '1', '2025-07-05 15:52:41', '2025-07-05 15:52:41'),
('1651', 'ventas', 'CONSULTA_MONEDAS', '1', '2025-07-05 15:53:22', '2025-07-05 15:53:22'),
('1652', 'ventas', 'CONSULTA_PRODUCTOS_D', '1', '2025-07-05 15:53:22', '2025-07-05 15:53:22'),
('1653', 'ventas', 'CONSULTA_TASA_MONEDA', '1', '2025-07-05 15:53:37', '2025-07-05 15:53:37'),
('1654', 'ventas', 'ACCESO_MODULO', '1', '2025-07-05 15:58:28', '2025-07-05 15:58:28'),
('1655', 'ventas', 'CONSULTA_DATOS', '1', '2025-07-05 15:58:30', '2025-07-05 15:58:30'),
('1656', 'ventas', 'CAMBIO_ESTADO', '1', '2025-07-05 15:58:34', '2025-07-05 15:58:34'),
('1657', 'ventas', 'CONSULTA_DATOS', '1', '2025-07-05 15:58:34', '2025-07-05 15:58:34'),
('1658', 'pagos', 'ACCESO_MODULO', '1', '2025-07-05 15:58:42', '2025-07-05 15:58:42'),
('1659', 'ventas', 'ACCESO_MODULO', '1', '2025-07-05 15:58:55', '2025-07-05 15:58:55'),
('1660', 'ventas', 'CONSULTA_DATOS', '1', '2025-07-05 15:58:56', '2025-07-05 15:58:56'),
('1661', 'ventas', 'VER_DETALLE', '1', '2025-07-05 15:58:59', '2025-07-05 15:58:59'),
('1662', 'ventas', 'CAMBIO_ESTADO', '1', '2025-07-08 00:00:52', '2025-07-08 00:00:52'),
('1663', 'ventas', 'CONSULTA_DATOS', '1', '2025-07-08 00:00:53', '2025-07-08 00:00:53'),
('1664', 'pagos', 'ACCESO_MODULO', '1', '2025-07-08 00:00:56', '2025-07-08 00:00:56'),
('1665', 'pagos', 'CONCILIAR_PAGO', '1', '2025-07-08 00:01:49', '2025-07-08 00:01:49'),
('1666', 'ventas', 'ACCESO_MODULO', '1', '2025-07-08 00:39:58', '2025-07-08 00:39:58'),
('1667', 'ventas', 'CONSULTA_DATOS', '1', '2025-07-08 00:39:59', '2025-07-08 00:39:59'),
('1668', 'ventas', 'CAMBIO_ESTADO', '1', '2025-07-08 00:40:10', '2025-07-08 00:40:10'),
('1669', 'ventas', 'CONSULTA_DATOS', '1', '2025-07-08 00:40:11', '2025-07-08 00:40:11'),
('1670', 'pagos', 'ACCESO_MODULO', '1', '2025-07-08 00:40:17', '2025-07-08 00:40:17'),
('1671', 'ventas', 'ACCESO_MODULO', '1', '2025-07-08 00:40:45', '2025-07-08 00:40:45'),
('1672', 'ventas', 'CONSULTA_DATOS', '1', '2025-07-08 00:40:46', '2025-07-08 00:40:46'),
('1673', 'pagos', 'ACCESO_MODULO', '1', '2025-07-07 20:48:15', '2025-07-07 20:48:15'),
('1674', 'pagos', 'ACCESO_MODULO', '1', '2025-07-07 20:48:31', '2025-07-07 20:48:31'),
('1675', 'pagos', 'ACCESO_MODULO', '1', '2025-07-07 21:04:10', '2025-07-07 21:04:10'),
('1676', 'ventas', 'ACCESO_MODULO', '1', '2025-07-07 21:04:37', '2025-07-07 21:04:37'),
('1677', 'ventas', 'CONSULTA_DATOS', '1', '2025-07-07 21:04:39', '2025-07-07 21:04:39'),
('1678', 'ventas', 'CAMBIO_ESTADO', '1', '2025-07-07 21:04:43', '2025-07-07 21:04:43'),
('1679', 'ventas', 'CONSULTA_DATOS', '1', '2025-07-07 21:04:44', '2025-07-07 21:04:44'),
('1680', 'pagos', 'ACCESO_MODULO', '1', '2025-07-07 21:04:48', '2025-07-07 21:04:48'),
('1681', 'pagos', 'ACCESO_MODULO', '1', '2025-07-07 21:04:57', '2025-07-07 21:04:57'),
('1682', 'pagos', 'ACCESO_MODULO', '1', '2025-07-07 21:05:00', '2025-07-07 21:05:00'),
('1683', 'pagos', 'ACCESO_MODULO', '1', '2025-07-07 21:05:43', '2025-07-07 21:05:43'),
('1684', 'ventas', 'ACCESO_MODULO', '1', '2025-07-07 21:06:12', '2025-07-07 21:06:12'),
('1685', 'ventas', 'CONSULTA_DATOS', '1', '2025-07-07 21:06:15', '2025-07-07 21:06:15'),
('1686', 'ventas', 'CONSULTA_PRODUCTOS_D', '1', '2025-07-07 21:06:16', '2025-07-07 21:06:16'),
('1687', 'ventas', 'CONSULTA_MONEDAS', '1', '2025-07-07 21:06:16', '2025-07-07 21:06:16'),
('1688', 'ventas', 'BUSCAR_CLIENTES', '1', '2025-07-07 21:06:25', '2025-07-07 21:06:25'),
('1689', 'ventas', 'CONSULTA_TASA_MONEDA', '1', '2025-07-07 21:06:33', '2025-07-07 21:06:33'),
('1690', 'ventas', 'CONSULTA_TASA', '1', '2025-07-07 21:06:43', '2025-07-07 21:06:43'),
('1691', 'ventas', 'CREAR', '1', '2025-07-07 21:06:44', '2025-07-07 21:06:44'),
('1692', 'ventas', 'CONSULTA_DATOS', '1', '2025-07-07 21:06:46', '2025-07-07 21:06:46'),
('1693', 'ventas', 'VER_DETALLE', '1', '2025-07-07 21:06:54', '2025-07-07 21:06:54'),
('1694', 'ventas', 'CAMBIO_ESTADO', '1', '2025-07-07 21:06:58', '2025-07-07 21:06:58'),
('1695', 'ventas', 'CONSULTA_DATOS', '1', '2025-07-07 21:06:58', '2025-07-07 21:06:58'),
('1696', 'pagos', 'ACCESO_MODULO', '1', '2025-07-07 21:07:05', '2025-07-07 21:07:05'),
('1697', 'pagos', 'ACCESO_MODULO', '1', '2025-07-07 21:11:54', '2025-07-07 21:11:54'),
('1698', 'pagos', 'ACCESO_MODULO', '1', '2025-07-07 21:12:35', '2025-07-07 21:12:35'),
('1699', 'pagos', 'ACCESO_MODULO', '1', '2025-07-07 21:55:57', '2025-07-07 21:55:57'),
('1700', 'pagos', 'CONCILIAR_PAGO', '1', '2025-07-07 21:56:18', '2025-07-07 21:56:18'),
('1701', 'ventas', 'ACCESO_MODULO', '1', '2025-07-07 21:56:24', '2025-07-07 21:56:24'),
('1702', 'ventas', 'CONSULTA_DATOS', '1', '2025-07-07 21:56:25', '2025-07-07 21:56:25'),
('1703', 'pagos', 'ACCESO_MODULO', '1', '2025-07-07 21:56:29', '2025-07-07 21:56:29'),
('1704', 'pagos', 'CREAR_PAGO', '1', '2025-07-07 21:57:05', '2025-07-07 21:57:05'),
('1705', 'ventas', 'ACCESO_MODULO', '1', '2025-07-07 21:57:15', '2025-07-07 21:57:15'),
('1706', 'ventas', 'CONSULTA_DATOS', '1', '2025-07-07 21:57:16', '2025-07-07 21:57:16'),
('1707', 'ventas', 'VER_DETALLE', '1', '2025-07-07 21:57:21', '2025-07-07 21:57:21'),
('1708', 'ventas', 'ACCESO_MODULO', '1', '2025-07-07 21:59:45', '2025-07-07 21:59:45'),
('1709', 'ventas', 'CONSULTA_DATOS', '1', '2025-07-07 21:59:51', '2025-07-07 21:59:51'),
('1710', 'ventas', 'CAMBIO_ESTADO', '1', '2025-07-07 22:00:00', '2025-07-07 22:00:00'),
('1711', 'ventas', 'CONSULTA_DATOS', '1', '2025-07-07 22:00:04', '2025-07-07 22:00:04'),
('1712', 'pagos', 'ACCESO_MODULO', '1', '2025-07-07 22:00:13', '2025-07-07 22:00:13'),
('1713', 'ventas', 'ACCESO_MODULO', '1', '2025-07-07 22:00:20', '2025-07-07 22:00:20'),
('1714', 'ventas', 'CONSULTA_DATOS', '1', '2025-07-07 22:00:21', '2025-07-07 22:00:21'),
('1715', 'ventas', 'ACCESO_MODULO', '1', '2025-07-07 22:11:05', '2025-07-07 22:11:05'),
('1716', 'ventas', 'CONSULTA_DATOS', '1', '2025-07-07 22:11:08', '2025-07-07 22:11:08'),
('1717', 'ventas', 'CAMBIO_ESTADO', '1', '2025-07-07 22:11:16', '2025-07-07 22:11:16'),
('1718', 'ventas', 'CONSULTA_DATOS', '1', '2025-07-07 22:11:16', '2025-07-07 22:11:16'),
('1719', 'pagos', 'ACCESO_MODULO', '1', '2025-07-07 22:11:23', '2025-07-07 22:11:23'),
('1720', 'pagos', 'CREAR_PAGO', '1', '2025-07-07 22:11:55', '2025-07-07 22:11:55'),
('1721', 'pagos', 'CONCILIAR_PAGO', '1', '2025-07-07 22:12:09', '2025-07-07 22:12:09'),
('1722', 'pagos', 'CONCILIAR_PAGO', '1', '2025-07-07 22:12:13', '2025-07-07 22:12:13'),
('1723', 'pagos', 'CONCILIAR_PAGO', '1', '2025-07-07 22:12:51', '2025-07-07 22:12:51'),
('1724', 'pagos', 'ACCESO_MODULO', '1', '2025-07-07 22:13:41', '2025-07-07 22:13:41'),
('1725', 'ventas', 'ACCESO_MODULO', '1', '2025-07-07 22:13:50', '2025-07-07 22:13:50'),
('1726', 'ventas', 'CONSULTA_DATOS', '1', '2025-07-07 22:13:51', '2025-07-07 22:13:51'),
('1727', 'ventas', 'CAMBIO_ESTADO', '1', '2025-07-07 22:13:57', '2025-07-07 22:13:57'),
('1728', 'ventas', 'CONSULTA_DATOS', '1', '2025-07-07 22:13:57', '2025-07-07 22:13:57'),
('1729', 'pagos', 'ACCESO_MODULO', '1', '2025-07-07 22:14:00', '2025-07-07 22:14:00'),
('1730', 'pagos', 'CREAR_PAGO', '1', '2025-07-07 22:14:16', '2025-07-07 22:14:16'),
('1731', 'ventas', 'ACCESO_MODULO', '1', '2025-07-07 22:14:25', '2025-07-07 22:14:25'),
('1732', 'ventas', 'CONSULTA_DATOS', '1', '2025-07-07 22:14:26', '2025-07-07 22:14:26'),
('1733', 'pagos', 'ACCESO_MODULO', '1', '2025-07-07 22:14:42', '2025-07-07 22:14:42'),
('1734', 'pagos', 'CONCILIAR_PAGO', '1', '2025-07-07 22:14:47', '2025-07-07 22:14:47'),
('1735', 'ventas', 'ACCESO_MODULO', '1', '2025-07-07 22:14:50', '2025-07-07 22:14:50'),
('1736', 'ventas', 'CONSULTA_DATOS', '1', '2025-07-07 22:14:51', '2025-07-07 22:14:51'),
('1737', 'pagos', 'ACCESO_MODULO', '1', '2025-07-07 22:14:54', '2025-07-07 22:14:54'),
('1738', 'ventas', 'ACCESO_MODULO', '1', '2025-07-07 22:15:02', '2025-07-07 22:15:02'),
('1739', 'ventas', 'CONSULTA_DATOS', '1', '2025-07-07 22:15:03', '2025-07-07 22:15:03'),
('1740', 'ventas', 'CAMBIO_ESTADO', '1', '2025-07-07 22:15:07', '2025-07-07 22:15:07'),
('1741', 'ventas', 'CONSULTA_DATOS', '1', '2025-07-07 22:15:07', '2025-07-07 22:15:07'),
('1742', 'pagos', 'ACCESO_MODULO', '1', '2025-07-07 22:15:12', '2025-07-07 22:15:12'),
('1743', 'pagos', 'CREAR_PAGO', '1', '2025-07-07 22:15:24', '2025-07-07 22:15:24'),
('1744', 'ventas', 'ACCESO_MODULO', '1', '2025-07-07 22:15:28', '2025-07-07 22:15:28'),
('1745', 'ventas', 'CONSULTA_DATOS', '1', '2025-07-07 22:15:29', '2025-07-07 22:15:29'),
('1746', 'pagos', 'ACCESO_MODULO', '1', '2025-07-07 22:15:38', '2025-07-07 22:15:38'),
('1747', 'pagos', 'ACCESO_MODULO', '1', '2025-07-07 22:17:39', '2025-07-07 22:17:39'),
('1748', 'ventas', 'ACCESO_MODULO', '1', '2025-07-07 22:17:43', '2025-07-07 22:17:43'),
('1749', 'ventas', 'CONSULTA_DATOS', '1', '2025-07-07 22:17:44', '2025-07-07 22:17:44'),
('1750', 'ventas', 'CAMBIO_ESTADO', '1', '2025-07-07 22:17:48', '2025-07-07 22:17:48'),
('1751', 'ventas', 'CONSULTA_DATOS', '1', '2025-07-07 22:17:48', '2025-07-07 22:17:48'),
('1752', 'pagos', 'ACCESO_MODULO', '1', '2025-07-07 22:17:51', '2025-07-07 22:17:51'),
('1753', 'pagos', 'CREAR_PAGO', '1', '2025-07-07 22:18:04', '2025-07-07 22:18:04'),
('1754', 'ventas', 'ACCESO_MODULO', '1', '2025-07-07 22:18:07', '2025-07-07 22:18:07'),
('1755', 'ventas', 'CONSULTA_DATOS', '1', '2025-07-07 22:18:08', '2025-07-07 22:18:08'),
('1756', 'pagos', 'ACCESO_MODULO', '1', '2025-07-07 22:18:14', '2025-07-07 22:18:14'),
('1757', 'pagos', 'CONCILIAR_PAGO', '1', '2025-07-07 22:18:21', '2025-07-07 22:18:21'),
('1758', 'ventas', 'ACCESO_MODULO', '1', '2025-07-07 22:18:24', '2025-07-07 22:18:24'),
('1759', 'ventas', 'CONSULTA_DATOS', '1', '2025-07-07 22:18:25', '2025-07-07 22:18:25'),
('1760', 'pagos', 'ACCESO_MODULO', '1', '2025-07-07 22:18:29', '2025-07-07 22:18:29'),
('1761', 'ventas', 'ACCESO_MODULO', '1', '2025-07-07 22:18:47', '2025-07-07 22:18:47'),
('1762', 'ventas', 'CONSULTA_DATOS', '1', '2025-07-07 22:18:49', '2025-07-07 22:18:49'),
('1763', 'ventas', 'CAMBIO_ESTADO', '1', '2025-07-07 22:18:53', '2025-07-07 22:18:53'),
('1764', 'ventas', 'CONSULTA_DATOS', '1', '2025-07-07 22:18:53', '2025-07-07 22:18:53'),
('1765', 'pagos', 'ACCESO_MODULO', '1', '2025-07-07 22:18:57', '2025-07-07 22:18:57'),
('1766', 'pagos', 'CREAR_PAGO', '1', '2025-07-07 22:19:30', '2025-07-07 22:19:30'),
('1767', 'ventas', 'ACCESO_MODULO', '1', '2025-07-07 22:19:36', '2025-07-07 22:19:36'),
('1768', 'ventas', 'CONSULTA_DATOS', '1', '2025-07-07 22:19:37', '2025-07-07 22:19:37'),
('1769', 'ventas', 'VER_DETALLE', '1', '2025-07-07 22:19:40', '2025-07-07 22:19:40'),
('1770', 'ventas', 'ACCESO_MODULO', '1', '2025-07-07 22:24:52', '2025-07-07 22:24:52'),
('1771', 'ventas', 'CONSULTA_DATOS', '1', '2025-07-07 22:24:53', '2025-07-07 22:24:53'),
('1772', 'pagos', 'ACCESO_MODULO', '1', '2025-07-07 22:24:57', '2025-07-07 22:24:57'),
('1773', 'pagos', 'ACTUALIZAR_PAGO', '1', '2025-07-07 22:25:20', '2025-07-07 22:25:20'),
('1774', 'ventas', 'ACCESO_MODULO', '1', '2025-07-07 22:26:02', '2025-07-07 22:26:02'),
('1775', 'ventas', 'CONSULTA_DATOS', '1', '2025-07-07 22:26:03', '2025-07-07 22:26:03'),
('1776', 'ventas', 'CAMBIO_ESTADO', '1', '2025-07-07 22:26:15', '2025-07-07 22:26:15'),
('1777', 'ventas', 'CONSULTA_DATOS', '1', '2025-07-07 22:26:15', '2025-07-07 22:26:15'),
('1778', 'ventas', 'CAMBIO_ESTADO', '1', '2025-07-07 22:26:18', '2025-07-07 22:26:18'),
('1779', 'ventas', 'CONSULTA_DATOS', '1', '2025-07-07 22:26:19', '2025-07-07 22:26:19'),
('1780', 'pagos', 'ACCESO_MODULO', '1', '2025-07-07 22:26:22', '2025-07-07 22:26:22'),
('1781', 'pagos', 'CONCILIAR_PAGO', '1', '2025-07-07 22:26:31', '2025-07-07 22:26:31'),
('1782', 'ventas', 'ACCESO_MODULO', '1', '2025-07-07 22:26:35', '2025-07-07 22:26:35'),
('1783', 'ventas', 'CONSULTA_DATOS', '1', '2025-07-07 22:26:35', '2025-07-07 22:26:35'),
('1784', 'pagos', 'ACCESO_MODULO', '1', '2025-07-07 22:26:40', '2025-07-07 22:26:40'),
('1785', 'pagos', 'CONCILIAR_PAGO', '1', '2025-07-07 22:26:44', '2025-07-07 22:26:44'),
('1786', 'ventas', 'ACCESO_MODULO', '1', '2025-07-07 22:26:49', '2025-07-07 22:26:49'),
('1787', 'ventas', 'CONSULTA_DATOS', '1', '2025-07-07 22:26:50', '2025-07-07 22:26:50'),
('1788', 'pagos', 'ACCESO_MODULO', '1', '2025-07-07 22:26:57', '2025-07-07 22:26:57'),
('1789', 'ventas', 'ACCESO_MODULO', '1', '2025-07-07 22:27:06', '2025-07-07 22:27:06'),
('1790', 'ventas', 'CONSULTA_DATOS', '1', '2025-07-07 22:27:07', '2025-07-07 22:27:07'),
('1791', 'ventas', 'CAMBIO_ESTADO', '1', '2025-07-07 22:27:10', '2025-07-07 22:27:10'),
('1792', 'ventas', 'CONSULTA_DATOS', '1', '2025-07-07 22:27:10', '2025-07-07 22:27:10'),
('1793', 'ventas', 'CONSULTA_MONEDAS', '1', '2025-07-07 22:27:13', '2025-07-07 22:27:13'),
('1794', 'ventas', 'CONSULTA_PRODUCTOS_D', '1', '2025-07-07 22:27:13', '2025-07-07 22:27:13'),
('1795', 'ventas', 'BUSCAR_CLIENTES', '1', '2025-07-07 22:27:18', '2025-07-07 22:27:18'),
('1796', 'ventas', 'CONSULTA_TASA_MONEDA', '1', '2025-07-07 22:27:25', '2025-07-07 22:27:25'),
('1797', 'ventas', 'CONSULTA_TASA', '1', '2025-07-07 22:27:31', '2025-07-07 22:27:31'),
('1798', 'ventas', 'CREAR', '1', '2025-07-07 22:27:32', '2025-07-07 22:27:32'),
('1799', 'ventas', 'CONSULTA_DATOS', '1', '2025-07-07 22:27:34', '2025-07-07 22:27:34'),
('1800', 'ventas', 'ACCESO_MODULO', '1', '2025-07-07 22:27:54', '2025-07-07 22:27:54'),
('1801', 'ventas', 'CONSULTA_DATOS', '1', '2025-07-07 22:27:57', '2025-07-07 22:27:57'),
('1802', 'ventas', 'CAMBIO_ESTADO', '1', '2025-07-07 22:27:59', '2025-07-07 22:27:59'),
('1803', 'ventas', 'CONSULTA_DATOS', '1', '2025-07-07 22:28:00', '2025-07-07 22:28:00'),
('1804', 'ventas', 'CAMBIO_ESTADO', '1', '2025-07-07 22:28:05', '2025-07-07 22:28:05'),
('1805', 'ventas', 'CONSULTA_DATOS', '1', '2025-07-07 22:28:06', '2025-07-07 22:28:06'),
('1806', 'ventas', 'CONSULTA_MONEDAS', '1', '2025-07-07 22:28:09', '2025-07-07 22:28:09'),
('1807', 'ventas', 'CONSULTA_PRODUCTOS_D', '1', '2025-07-07 22:28:10', '2025-07-07 22:28:10'),
('1808', 'ventas', 'BUSCAR_CLIENTES', '1', '2025-07-07 22:28:17', '2025-07-07 22:28:17'),
('1809', 'ventas', 'CONSULTA_TASA_MONEDA', '1', '2025-07-07 22:28:21', '2025-07-07 22:28:21'),
('1810', 'ventas', 'CONSULTA_TASA', '1', '2025-07-07 22:28:30', '2025-07-07 22:28:30'),
('1811', 'ventas', 'CREAR', '1', '2025-07-07 22:28:31', '2025-07-07 22:28:31'),
('1812', 'ventas', 'CONSULTA_DATOS', '1', '2025-07-07 22:28:32', '2025-07-07 22:28:32'),
('1813', 'pagos', 'ACCESO_MODULO', '1', '2025-07-07 22:32:52', '2025-07-07 22:32:52'),
('1814', 'pagos', 'CREAR_PAGO', '1', '2025-07-07 22:34:36', '2025-07-07 22:34:36'),
('1815', 'ventas', 'ACCESO_MODULO', '1', '2025-07-07 22:34:42', '2025-07-07 22:34:42'),
('1816', 'ventas', 'CONSULTA_DATOS', '1', '2025-07-07 22:34:44', '2025-07-07 22:34:44'),
('1817', 'pagos', 'ACCESO_MODULO', '1', '2025-07-07 22:34:49', '2025-07-07 22:34:49'),
('1818', 'pagos', 'CONCILIAR_PAGO', '1', '2025-07-07 22:34:56', '2025-07-07 22:34:56'),
('1819', 'pagos', 'ACCESO_MODULO', '1', '2025-07-07 22:39:39', '2025-07-07 22:39:39'),
('1820', 'ventas', 'ACCESO_MODULO', '1', '2025-07-07 22:39:45', '2025-07-07 22:39:45'),
('1821', 'ventas', 'CONSULTA_DATOS', '1', '2025-07-07 22:39:47', '2025-07-07 22:39:47'),
('1822', 'ventas', 'CAMBIO_ESTADO', '1', '2025-07-07 22:39:53', '2025-07-07 22:39:53'),
('1823', 'ventas', 'CONSULTA_DATOS', '1', '2025-07-07 22:39:53', '2025-07-07 22:39:53'),
('1824', 'ventas', 'CAMBIO_ESTADO', '1', '2025-07-07 22:39:55', '2025-07-07 22:39:55'),
('1825', 'ventas', 'CONSULTA_DATOS', '1', '2025-07-07 22:39:56', '2025-07-07 22:39:56'),
('1826', 'ventas', 'CONSULTA_MONEDAS', '1', '2025-07-07 22:39:58', '2025-07-07 22:39:58'),
('1827', 'ventas', 'CONSULTA_PRODUCTOS_D', '1', '2025-07-07 22:39:58', '2025-07-07 22:39:58'),
('1828', 'ventas', 'BUSCAR_CLIENTES', '1', '2025-07-07 22:40:03', '2025-07-07 22:40:03'),
('1829', 'ventas', 'CONSULTA_TASA_MONEDA', '1', '2025-07-07 22:40:06', '2025-07-07 22:40:06'),
('1830', 'ventas', 'CONSULTA_TASA', '1', '2025-07-07 22:40:11', '2025-07-07 22:40:11'),
('1831', 'ventas', 'CREAR', '1', '2025-07-07 22:40:12', '2025-07-07 22:40:12'),
('1832', 'ventas', 'CONSULTA_DATOS', '1', '2025-07-07 22:40:14', '2025-07-07 22:40:14'),
('1833', 'pagos', 'ACCESO_MODULO', '1', '2025-07-07 22:40:16', '2025-07-07 22:40:16'),
('1834', 'pagos', 'CREAR_PAGO', '1', '2025-07-07 22:40:38', '2025-07-07 22:40:38'),
('1835', 'ventas', 'ACCESO_MODULO', '1', '2025-07-07 22:41:03', '2025-07-07 22:41:03'),
('1836', 'ventas', 'CONSULTA_DATOS', '1', '2025-07-07 22:41:04', '2025-07-07 22:41:04'),
('1837', 'ventas', 'CAMBIO_ESTADO', '1', '2025-07-07 22:41:07', '2025-07-07 22:41:07'),
('1838', 'ventas', 'CONSULTA_DATOS', '1', '2025-07-07 22:41:07', '2025-07-07 22:41:07'),
('1839', 'ventas', 'CONSULTA_MONEDAS', '1', '2025-07-07 22:45:50', '2025-07-07 22:45:50'),
('1840', 'ventas', 'CONSULTA_PRODUCTOS_D', '1', '2025-07-07 22:45:51', '2025-07-07 22:45:51'),
('1841', 'ventas', 'ACCESO_MODULO', '1', '2025-07-07 22:45:53', '2025-07-07 22:45:53'),
('1842', 'ventas', 'CONSULTA_DATOS', '1', '2025-07-07 22:45:58', '2025-07-07 22:45:58'),
('1843', 'ventas', 'CONSULTA_MONEDAS', '1', '2025-07-07 22:46:00', '2025-07-07 22:46:00'),
('1844', 'ventas', 'CONSULTA_PRODUCTOS_D', '1', '2025-07-07 22:46:01', '2025-07-07 22:46:01'),
('1845', 'ventas', 'BUSCAR_CLIENTES', '1', '2025-07-07 22:46:07', '2025-07-07 22:46:07'),
('1846', 'ventas', 'BUSCAR_CLIENTES', '1', '2025-07-07 22:46:16', '2025-07-07 22:46:16'),
('1847', 'ventas', 'CONSULTA_TASA_MONEDA', '1', '2025-07-07 22:46:21', '2025-07-07 22:46:21'),
('1848', 'ventas', 'CONSULTA_TASA', '1', '2025-07-07 22:46:43', '2025-07-07 22:46:43'),
('1849', 'ventas', 'CREAR', '1', '2025-07-07 22:46:44', '2025-07-07 22:46:44'),
('1850', 'ventas', 'CONSULTA_DATOS', '1', '2025-07-07 22:46:46', '2025-07-07 22:46:46'),
('1851', 'ventas', 'CAMBIO_ESTADO', '1', '2025-07-07 22:46:51', '2025-07-07 22:46:51'),
('1852', 'ventas', 'CONSULTA_DATOS', '1', '2025-07-07 22:46:52', '2025-07-07 22:46:52'),
('1853', 'ventas', 'ACCESO_MODULO', '1', '2025-07-07 22:53:26', '2025-07-07 22:53:26'),
('1854', 'ventas', 'CONSULTA_DATOS', '1', '2025-07-07 22:53:31', '2025-07-07 22:53:31'),
('1855', 'ventas', 'CONSULTA_MONEDAS', '1', '2025-07-07 22:53:32', '2025-07-07 22:53:32'),
('1856', 'ventas', 'CONSULTA_PRODUCTOS_D', '1', '2025-07-07 22:53:33', '2025-07-07 22:53:33'),
('1857', 'ventas', 'BUSCAR_CLIENTES', '1', '2025-07-07 22:53:38', '2025-07-07 22:53:38'),
('1858', 'ventas', 'CONSULTA_TASA_MONEDA', '1', '2025-07-07 22:53:42', '2025-07-07 22:53:42'),
('1859', 'ventas', 'CONSULTA_TASA', '1', '2025-07-07 22:53:47', '2025-07-07 22:53:47'),
('1860', 'ventas', 'CREAR', '1', '2025-07-07 22:53:48', '2025-07-07 22:53:48'),
('1861', 'ventas', 'CONSULTA_DATOS', '1', '2025-07-07 22:53:50', '2025-07-07 22:53:50'),
('1862', 'pagos', 'ACCESO_MODULO', '1', '2025-07-07 22:54:02', '2025-07-07 22:54:02'),
('1863', 'pagos', 'CREAR_PAGO', '1', '2025-07-07 22:54:20', '2025-07-07 22:54:20'),
('1864', 'usuarios', 'ACCESO_MODULO', '1', '2025-07-10 22:58:02', '2025-07-10 22:58:02'),
('1865', 'usuarios', 'CONSULTA_LISTADO', '1', '2025-07-10 22:58:04', '2025-07-10 22:58:04'),
('1866', 'ventas', 'ACCESO_MODULO', '1', '2025-07-10 23:10:13', '2025-07-10 23:10:13'),
('1867', 'ventas', 'CONSULTA_DATOS', '1', '2025-07-10 23:10:15', '2025-07-10 23:10:15'),
('1868', 'ventas', 'VER_DETALLE', '1', '2025-07-10 23:10:18', '2025-07-10 23:10:18'),
('1869', 'ventas', 'ACCESO_MODULO', '1', '2025-07-11 09:25:59', '2025-07-11 09:25:59'),
('1870', 'ventas', 'CONSULTA_DATOS', '1', '2025-07-11 09:26:00', '2025-07-11 09:26:00'),
('1871', 'compras', 'ACCESO_MODULO', '1', '2025-07-12 12:46:22', '2025-07-12 12:46:22'),
('1872', 'compras', 'CAMBIO_ESTADO', '1', '2025-07-12 12:46:36', '2025-07-12 12:46:36'),
('1873', 'compras', 'CAMBIO_ESTADO', '1', '2025-07-12 12:46:44', '2025-07-12 12:46:44'),
('1874', 'ventas', 'ACCESO_MODULO', '1', '2025-07-12 12:46:56', '2025-07-12 12:46:56'),
('1875', 'ventas', 'CONSULTA_DATOS', '1', '2025-07-12 12:46:59', '2025-07-12 12:46:59'),
('1876', 'pagos', 'ACCESO_MODULO', '1', '2025-07-12 12:55:55', '2025-07-12 12:55:55'),
('1877', 'pagos', 'CREAR_PAGO', '1', '2025-07-12 12:56:17', '2025-07-12 12:56:17'),
('1878', 'pagos', 'ACCESO_MODULO', '1', '2025-07-12 22:33:19', '2025-07-12 22:33:19'),
('1879', 'pagos', 'CONCILIAR_PAGO', '1', '2025-07-12 22:33:29', '2025-07-12 22:33:29'),
('1880', 'ventas', 'ACCESO_MODULO', '1', '2025-07-12 22:33:39', '2025-07-12 22:33:39'),
('1881', 'ventas', 'CONSULTA_DATOS', '1', '2025-07-12 22:33:40', '2025-07-12 22:33:40'),
('1882', 'pagos', 'ACCESO_MODULO', '1', '2025-07-12 22:33:44', '2025-07-12 22:33:44'),
('1883', 'pagos', 'ACCESO_MODULO', '1', '2025-07-13 14:50:16', '2025-07-13 14:50:16'),
('1884', 'pagos', 'ACCESO_MODULO', '1', '2025-07-13 14:54:43', '2025-07-13 14:54:43'),
('1885', 'administracion', 'ACCESO_MODULO', '1', '2025-07-13 14:54:51', '2025-07-13 14:54:51'),
('1886', 'pagos', 'ACCESO_MODULO', '1', '2025-07-13 14:54:53', '2025-07-13 14:54:53'),
('1887', 'administracion_backu', 'ACCESO_MODULO', '1', '2025-07-13 14:54:56', '2025-07-13 14:54:56'),
('1888', 'pagos', 'ACCESO_MODULO', '1', '2025-07-13 14:57:31', '2025-07-13 14:57:31'),
('1889', 'pagos', 'ACCESO_MODULO', '1', '2025-07-13 14:57:33', '2025-07-13 14:57:33'),
('1890', 'administracion', 'ACCESO_MODULO', '1', '2025-07-13 14:57:38', '2025-07-13 14:57:38'),
('1891', 'pagos', 'ACCESO_MODULO', '1', '2025-07-13 14:57:41', '2025-07-13 14:57:41'),
('1892', 'administracion_backu', 'ACCESO_MODULO', '1', '2025-07-13 14:57:46', '2025-07-13 14:57:46'),
('1893', 'pagos', 'ACCESO_MODULO', '1', '2025-07-13 14:57:48', '2025-07-13 14:57:48'),
('1894', 'pagos', 'ACCESO_MODULO', '1', '2025-07-13 14:58:16', '2025-07-13 14:58:16'),
('1895', 'administracion_backu', 'ACCESO_MODULO', '1', '2025-07-13 14:58:20', '2025-07-13 14:58:20'),
('1896', 'pagos', 'ACCESO_MODULO', '1', '2025-07-13 11:40:45', '2025-07-13 11:40:45'),
('1897', 'administracion_backu', 'ACCESO_MODULO', '1', '2025-07-13 11:40:50', '2025-07-13 11:40:50'),
('1898', 'pagos', 'ACCESO_MODULO', '1', '2025-07-13 11:44:30', '2025-07-13 11:44:30'),
('1899', 'pagos', 'ACCESO_MODULO', '1', '2025-07-13 11:44:32', '2025-07-13 11:44:32'),
('1900', 'administracion_backu', 'ACCESO_MODULO', '1', '2025-07-13 11:44:35', '2025-07-13 11:44:35'),
('1901', 'pagos', 'ACCESO_MODULO', '1', '2025-07-13 11:54:12', '2025-07-13 11:54:12'),
('1902', 'pagos', 'ACCESO_MODULO', '1', '2025-07-13 11:54:15', '2025-07-13 11:54:15'),
('1903', 'administracion_backu', 'ACCESO_MODULO', '1', '2025-07-13 11:54:18', '2025-07-13 11:54:18'),
('1904', 'pagos', 'ACCESO_MODULO', '1', '2025-07-13 11:56:01', '2025-07-13 11:56:01'),
('1905', 'administracion_backu', 'ACCESO_MODULO', '1', '2025-07-13 11:56:05', '2025-07-13 11:56:05'),
('1906', 'pagos', 'ACCESO_MODULO', '1', '2025-07-13 11:56:06', '2025-07-13 11:56:06'),
('1907', 'pagos', 'ACCESO_MODULO', '1', '2025-07-13 11:57:11', '2025-07-13 11:57:11'),
('1908', 'administracion_backu', 'ACCESO_MODULO', '1', '2025-07-13 11:57:14', '2025-07-13 11:57:14'),
('1909', 'pagos', 'ACCESO_MODULO', '1', '2025-07-13 11:57:56', '2025-07-13 11:57:56'),
('1910', 'pagos', 'ACCESO_MODULO', '1', '2025-07-13 11:57:57', '2025-07-13 11:57:57'),
('1911', 'pagos', 'ACCESO_MODULO', '1', '2025-07-13 12:06:25', '2025-07-13 12:06:25'),
('1912', 'pagos', 'ACCESO_MODULO', '1', '2025-07-13 12:14:47', '2025-07-13 12:14:47'),
('1913', 'administracion', 'ACCESO_MODULO', '1', '2025-07-13 12:14:52', '2025-07-13 12:14:52'),
('1914', 'pagos', 'ACCESO_MODULO', '1', '2025-07-13 12:17:20', '2025-07-13 12:17:20'),
('1915', 'pagos', 'ACCESO_MODULO', '1', '2025-07-13 12:39:53', '2025-07-13 12:39:53'),
('1916', 'pagos', 'ACCESO_MODULO', '1', '2025-07-13 12:39:59', '2025-07-13 12:39:59'),
('1917', 'backups', 'ACCESO_MODULO', '1', '2025-07-13 13:16:00', '2025-07-13 13:16:00'),
('1918', 'backups', 'ACCESO_MODULO', '1', '2025-07-13 13:16:21', '2025-07-13 13:16:21'),
('1919', 'backups', 'ACCESO_MODULO', '1', '2025-07-13 13:17:26', '2025-07-13 13:17:26'),
('1920', 'backups', 'ACCESO_MODULO', '1', '2025-07-13 13:25:08', '2025-07-13 13:25:08'),
('1921', 'backups', 'ACCESO_MODULO', '1', '2025-07-13 13:25:45', '2025-07-13 13:25:45'),
('1922', 'backups', 'ACCESO_MODULO', '1', '2025-07-13 13:28:37', '2025-07-13 13:28:37'),
('1923', 'backups', 'ACCESO_MODULO', '1', '2025-07-13 13:31:03', '2025-07-13 13:31:03'),
('1924', 'backups', 'ACCESO_MODULO', '1', '2025-07-13 13:39:02', '2025-07-13 13:39:02'),
('1925', 'backups', 'ACCESO_MODULO', '1', '2025-07-13 13:41:25', '2025-07-13 13:41:25'),
('1926', 'backups', 'CONSULTA_LISTADO', '1', '2025-07-13 13:41:26', '2025-07-13 13:41:26'),
('1927', 'backups', 'CONSULTA_LISTADO', '1', '2025-07-13 13:41:27', '2025-07-13 13:41:27'),
('1928', 'backups', 'CREAR_BACKUP_COMPLET', '1', '2025-07-13 13:41:31', '2025-07-13 13:41:31');
UNLOCK TABLES;

-- Estructura de tabla para `historial_backups`
DROP TABLE IF EXISTS `historial_backups`;
CREATE TABLE `historial_backups` (
  `id` int(11) NOT NULL AUTO_INCREMENT,
  `nombre_archivo` varchar(255) NOT NULL,
  `tipo_backup` enum('COMPLETO','TABLA','INCREMENTAL') NOT NULL DEFAULT 'COMPLETO',
  `tamaño_archivo` bigint(20) DEFAULT NULL COMMENT 'Tamaño en bytes',
  `fecha_creacion` datetime DEFAULT current_timestamp(),
  `estatus` enum('activo','eliminado','corrupto') DEFAULT 'activo',
  PRIMARY KEY (`id`),
  KEY `idx_fecha_creacion` (`fecha_creacion`),
  KEY `idx_estatus` (`estatus`)
) ENGINE=InnoDB AUTO_INCREMENT=2 DEFAULT CHARSET=utf8mb4 COLLATE=utf8mb4_general_ci COMMENT='Historial de backups del sistema';

-- Volcado de datos para la tabla `historial_backups`
LOCK TABLES `historial_backups` WRITE;
INSERT INTO `historial_backups` (`id`, `nombre_archivo`, `tipo_backup`, `tamaño_archivo`, `fecha_creacion`, `estatus`) VALUES ('1', 'backup_completo_2025-07-13_13-41-31.sql', 'COMPLETO', '217269', '2025-07-13 13:41:31', 'activo');
UNLOCK TABLES;

-- Estructura de tabla para `modulos`
DROP TABLE IF EXISTS `modulos`;
CREATE TABLE `modulos` (
  `idmodulo` int(11) NOT NULL AUTO_INCREMENT,
  `titulo` varchar(20) NOT NULL,
  `descripcion` varchar(35) NOT NULL,
  `estatus` enum('activo','inactivo') NOT NULL,
  `fecha_creacion` datetime NOT NULL,
  `fecha_modificacion` datetime NOT NULL,
  PRIMARY KEY (`idmodulo`)
) ENGINE=InnoDB AUTO_INCREMENT=44 DEFAULT CHARSET=utf8mb4 COLLATE=utf8mb4_general_ci;

-- Volcado de datos para la tabla `modulos`
LOCK TABLES `modulos` WRITE;
INSERT INTO `modulos` (`idmodulo`, `titulo`, `descripcion`, `estatus`, `fecha_creacion`, `fecha_modificacion`) VALUES ('1', 'Inventario', 'Gestión de inventarios', 'inactivo', '2025-04-17 21:16:13', '2025-05-26 23:04:10'),
('2', 'Compras', 'Modulo de Compras', 'activo', '2025-05-26 23:02:57', '2025-05-26 23:04:04'),
('3', 'Ventas', 'Modulo de Ventas', 'activo', '2025-05-27 09:12:57', '2025-05-27 09:12:57'),
('4', 'roles', 'Modulos de Roles', 'activo', '2025-05-27 09:13:18', '2025-05-27 09:13:18'),
('5', 'Movimientos', 'Movimientos de existencias', 'activo', '2025-05-28 17:23:27', '2025-05-28 17:23:27'),
('6', 'Proveedores', 'Modulo proveedores', 'activo', '2025-05-28 22:24:05', '2025-05-28 22:24:05'),
('7', 'modulos', 'gestion de modulos', 'activo', '2025-05-28 22:25:48', '2025-05-28 22:25:48'),
('8', 'usuarios', 'Gestion de usuarios', 'activo', '2025-05-28 22:26:23', '2025-05-28 22:26:23'),
('9', 'permisos', 'gestionar permisos', 'activo', '2025-05-28 22:26:52', '2025-05-28 22:26:52'),
('10', 'rolesmodulos', 'Gestion de roles por modulo', 'inactivo', '2025-05-28 22:32:24', '2025-06-19 20:06:22'),
('11', 'produccion', 'Gestion de produccion', 'activo', '2025-05-28 22:33:36', '2025-05-28 22:33:36'),
('12', 'empleados', 'Gestion de empleados', 'activo', '2025-05-28 22:34:05', '2025-05-28 22:34:05'),
('13', 'productos', 'gestion de productos', 'activo', '2025-05-28 22:34:30', '2025-05-28 22:34:30'),
('14', 'categorias', 'Gestion de categorias', 'activo', '2025-05-28 22:34:42', '2025-05-28 22:34:42'),
('15', 'romana', 'modulo de pesaje', 'activo', '2025-05-28 22:35:08', '2025-05-28 22:35:08'),
('16', 'personas', 'gestion de personas en pagos', 'activo', '2025-05-28 22:35:23', '2025-05-28 22:35:23'),
('17', 'tasas', 'historial de tasas BCV', 'activo', '2025-05-28 22:35:40', '2025-05-28 22:35:40'),
('18', 'clientes', 'gestion de clientes', 'activo', '2025-05-28 22:36:43', '2025-05-28 22:36:43'),
('19', 'RolesPermisos', 'Asignar a los roles permisos', 'activo', '2025-05-28 22:45:57', '2025-05-28 22:45:57'),
('20', 'bitacora', 'Registro de las acciones de los usu', 'activo', '2025-06-04 20:47:22', '2025-06-04 20:47:22'),
('21', 'RolesAsignaciones', 'Asignaciones específicas por módulo', 'inactivo', '2025-06-13 22:00:22', '2025-06-19 20:06:42'),
('22', 'RolesIntegrado', 'Gestión integral de roles con módul', 'activo', '2025-06-14 21:43:25', '2025-06-14 21:43:25'),
('24', 'dashboard', 'Panel principal del sistema', 'activo', '2025-06-14 22:18:44', '2025-06-14 22:18:44'),
('42', 'pagos', 'pagos', 'activo', '2025-06-16 20:25:18', '2025-06-16 20:25:18'),
('43', 'Backup', 'Backups de la base de datos', 'activo', '2025-07-13 12:59:47', '2025-07-13 12:59:47');
UNLOCK TABLES;

-- Estructura de tabla para `notificaciones`
DROP TABLE IF EXISTS `notificaciones`;
CREATE TABLE `notificaciones` (
  `idnotificacion` int(11) NOT NULL AUTO_INCREMENT,
  `tipo` varchar(50) NOT NULL,
  `titulo` varchar(255) NOT NULL,
  `mensaje` text NOT NULL,
  `modulo` varchar(50) NOT NULL,
  `referencia_id` int(11) DEFAULT NULL,
  `rol_destinatario` int(11) DEFAULT NULL,
  `usuario_destinatario` int(11) DEFAULT NULL,
  `prioridad` enum('BAJA','MEDIA','ALTA','CRITICA') DEFAULT 'MEDIA',
  `fecha_creacion` datetime NOT NULL,
  `fecha_lectura` datetime DEFAULT NULL,
  `leida` tinyint(1) DEFAULT 0,
  `activa` tinyint(1) DEFAULT 1,
  PRIMARY KEY (`idnotificacion`),
  KEY `idx_destinatario` (`rol_destinatario`,`usuario_destinatario`),
  KEY `idx_modulo` (`modulo`),
  KEY `idx_tipo` (`tipo`),
  KEY `idx_leida` (`leida`),
  KEY `idx_activa` (`activa`),
  KEY `idx_fecha_creacion` (`fecha_creacion`),
  KEY `idx_notif_usuario_rol` (`usuario_destinatario`,`rol_destinatario`,`leida`,`activa`),
  KEY `idx_notif_fecha_tipo` (`fecha_creacion`,`tipo`)
) ENGINE=InnoDB AUTO_INCREMENT=166 DEFAULT CHARSET=utf8mb4 COLLATE=utf8mb4_general_ci;

-- Volcado de datos para la tabla `notificaciones`
LOCK TABLES `notificaciones` WRITE;
INSERT INTO `notificaciones` (`idnotificacion`, `tipo`, `titulo`, `mensaje`, `modulo`, `referencia_id`, `rol_destinatario`, `usuario_destinatario`, `prioridad`, `fecha_creacion`, `fecha_lectura`, `leida`, `activa`) VALUES ('30', 'PRODUCTO_NUEVO', 'Nuevo Producto Registrado', 'Se ha registrado un nuevo producto: \'Alambre\'', 'productos', '9', NULL, NULL, 'MEDIA', '2025-06-13 20:40:44', NULL, '0', '1'),
('40', 'PRODUCTO_NUEVO', 'Nuevo Producto Registrado', 'Se ha registrado un nuevo producto: \'Nuevo\'', 'productos', '9', NULL, NULL, 'MEDIA', '2025-06-17 09:31:04', NULL, '0', '1'),
('41', 'PRODUCTO_NUEVO', 'Nuevo Producto Registrado', 'Se ha registrado un nuevo producto: \'Carpetas\'', 'productos', '10', NULL, NULL, 'MEDIA', '2025-06-20 08:57:49', NULL, '0', '1'),
('132', 'PRODUCTO_NUEVO', 'Nuevo Producto Registrado', 'Se ha registrado un nuevo producto: \'PRUEBAAAA\'', 'productos', '11', NULL, NULL, 'MEDIA', '2025-06-24 21:02:55', NULL, '0', '1'),
('138', 'COMPRA_POR_AUTORIZAR', 'Compra Pendiente de Autorización', 'La compra #C-2025-00025 por un total de 5,633.38 está pendiente de autorización.', 'compras', '113', '1', NULL, 'ALTA', '2025-06-28 01:09:00', '2025-06-30 11:34:09', '1', '1'),
('139', 'COMPRA_AUTORIZADA_PAGO', 'Compra Autorizada - Registrar Pago', 'La compra #C-2025-00025 por un total de 5,633.38 ha sido autorizada y requiere registrar un pago.', 'compras', '113', '1', NULL, 'MEDIA', '2025-06-28 01:09:43', '2025-06-30 11:34:07', '1', '1'),
('140', 'STOCK_BAJO', 'Stock Bajo - Mecate', 'El producto \'Mecate\' tiene solo 3 unidades en stock.', 'productos', '5', '1', NULL, 'ALTA', '2025-06-28 01:10:33', '2025-07-11 01:42:12', '1', '1'),
('141', 'STOCK_BAJO', 'Stock Bajo - Nuevo', 'El producto \'Nuevo\' tiene solo 3 unidades en stock.', 'productos', '9', '1', NULL, 'ALTA', '2025-06-28 01:10:33', '2025-07-11 01:42:15', '1', '1'),
('143', 'COMPRA_AUTORIZADA_PAGO', 'Compra Autorizada - Registrar Pago', 'La compra #C-2025-00016 por un total de 527.25 ha sido autorizada y requiere registrar un pago.', 'compras', '102', '1', NULL, 'MEDIA', '2025-06-28 01:13:41', '2025-06-30 11:34:05', '1', '1'),
('146', 'COMPRA_AUTORIZADA_PAGO', 'Compra Autorizada - Registrar Pago', 'La compra #C-2025-00015 por un total de 548.85 ha sido autorizada y requiere registrar un pago.', 'compras', '97', '1', NULL, 'MEDIA', '2025-07-03 13:22:30', '2025-07-11 01:42:11', '1', '1'),
('147', 'COMPRA_AUTORIZADA_PAGO', 'Compra Autorizada - Registrar Pago', 'La compra #C-2025-00015 por un total de 548.85 ha sido autorizada y requiere registrar un pago.', 'compras', '97', '2', NULL, 'MEDIA', '2025-07-03 13:22:30', NULL, '0', '1'),
('150', 'COMPRA_AUTORIZADA_PAGO', 'Compra Autorizada - Registrar Pago', 'La compra #C-2025-00017 por un total de 1,530.00 ha sido autorizada y requiere registrar un pago.', 'compras', '99', '1', NULL, 'MEDIA', '2025-07-03 13:37:21', '2025-07-11 01:42:10', '1', '1'),
('151', 'COMPRA_AUTORIZADA_PAGO', 'Compra Autorizada - Registrar Pago', 'La compra #C-2025-00017 por un total de 1,530.00 ha sido autorizada y requiere registrar un pago.', 'compras', '99', '2', NULL, 'MEDIA', '2025-07-03 13:37:21', NULL, '0', '1'),
('154', 'COMPRA_AUTORIZADA_PAGO', 'Compra Autorizada - Registrar Pago', 'La compra #C-2025-00018 por un total de 69,155.10 ha sido autorizada y requiere registrar un pago.', 'compras', '100', '2', NULL, 'MEDIA', '2025-07-03 16:55:57', NULL, '0', '1'),
('155', 'COMPRA_AUTORIZADA_PAGO', 'Compra Autorizada - Registrar Pago', 'La compra #C-2025-00018 por un total de 69,155.10 ha sido autorizada y requiere registrar un pago.', 'compras', '100', '1', NULL, 'MEDIA', '2025-07-03 16:55:57', '2025-07-11 01:42:10', '1', '1'),
('156', 'VENTA_CREADA_PAGO', 'Venta Creada - Registrar Pago', 'La venta #VT000007 por un total de 557.10 ha sido creada y requiere registrar un pago para marcarla como pagada.', 'ventas', '37', '2', NULL, 'MEDIA', '2025-07-07 22:27:32', NULL, '0', '1'),
('157', 'VENTA_CREADA_PAGO', 'Venta Creada - Registrar Pago', 'La venta #VT000007 por un total de 557.10 ha sido creada y requiere registrar un pago para marcarla como pagada.', 'ventas', '37', '1', NULL, 'MEDIA', '2025-07-07 22:27:32', '2025-07-11 01:42:09', '1', '1'),
('158', 'VENTA_CREADA_PAGO', 'Venta Creada - Registrar Pago', 'La venta #VT000008 por un total de 545.96 ha sido creada y requiere registrar un pago para marcarla como pagada.', 'ventas', '38', '2', NULL, 'MEDIA', '2025-07-07 22:28:31', NULL, '0', '1'),
('159', 'VENTA_CREADA_PAGO', 'Venta Creada - Registrar Pago', 'La venta #VT000008 por un total de 545.96 ha sido creada y requiere registrar un pago para marcarla como pagada.', 'ventas', '38', '1', NULL, 'MEDIA', '2025-07-07 22:28:31', '2025-07-11 01:42:08', '1', '1'),
('160', 'VENTA_CREADA_PAGO', 'Venta Creada - Registrar Pago', 'La venta #VT000009 por un total de 557.10 ha sido creada y requiere registrar un pago para marcarla como pagada.', 'ventas', '39', '2', NULL, 'MEDIA', '2025-07-07 22:40:12', NULL, '0', '1'),
('161', 'VENTA_CREADA_PAGO', 'Venta Creada - Registrar Pago', 'La venta #VT000009 por un total de 557.10 ha sido creada y requiere registrar un pago para marcarla como pagada.', 'ventas', '39', '1', NULL, 'MEDIA', '2025-07-07 22:40:12', '2025-07-11 01:42:07', '1', '1'),
('162', 'VENTA_CREADA_PAGO', 'Venta Creada - Registrar Pago', 'La venta #VT000010 por un total de 445.68 ha sido creada y requiere registrar un pago para marcarla como pagada.', 'ventas', '40', '2', NULL, 'MEDIA', '2025-07-07 22:46:44', NULL, '0', '1'),
('163', 'VENTA_CREADA_PAGO', 'Venta Creada - Registrar Pago', 'La venta #VT000010 por un total de 445.68 ha sido creada y requiere registrar un pago para marcarla como pagada.', 'ventas', '40', '1', NULL, 'MEDIA', '2025-07-07 22:46:44', '2025-07-11 01:42:06', '1', '1');
UNLOCK TABLES;

-- Estructura de tabla para `permisos`
DROP TABLE IF EXISTS `permisos`;
CREATE TABLE `permisos` (
  `idpermiso` int(11) NOT NULL AUTO_INCREMENT,
  `nombre_permiso` varchar(30) NOT NULL,
  PRIMARY KEY (`idpermiso`)
) ENGINE=InnoDB AUTO_INCREMENT=9 DEFAULT CHARSET=utf8mb4 COLLATE=utf8mb4_general_ci;

-- Volcado de datos para la tabla `permisos`
LOCK TABLES `permisos` WRITE;
INSERT INTO `permisos` (`idpermiso`, `nombre_permiso`) VALUES ('1', 'Solo Lectura'),
('2', 'Solo Editar'),
('3', 'Solo Registrar'),
('4', 'Registrar y Editar'),
('5', 'Solo Eliminar'),
('6', 'Editar y Eliminar'),
('7', 'Registrar y Eliminar'),
('8', 'Acceso Total');
UNLOCK TABLES;

-- Estructura de tabla para `rol_modulo`
DROP TABLE IF EXISTS `rol_modulo`;
CREATE TABLE `rol_modulo` (
  `idrolmodulo` int(11) NOT NULL AUTO_INCREMENT,
  `idrol` int(11) NOT NULL,
  `idmodulo` int(11) NOT NULL,
  PRIMARY KEY (`idrolmodulo`),
  KEY `rol_modulo_ibfk_1` (`idrol`),
  CONSTRAINT `rol_modulo_ibfk_1` FOREIGN KEY (`idrol`) REFERENCES `roles` (`idrol`)
) ENGINE=InnoDB AUTO_INCREMENT=2663 DEFAULT CHARSET=utf8mb4 COLLATE=utf8mb4_general_ci;

-- Volcado de datos para la tabla `rol_modulo`
LOCK TABLES `rol_modulo` WRITE;
INSERT INTO `rol_modulo` (`idrolmodulo`, `idrol`, `idmodulo`) VALUES ('2465', '5', '2'),
('2466', '5', '6'),
('2480', '3', '2'),
('2481', '3', '5'),
('2482', '3', '42'),
('2483', '3', '17'),
('2484', '3', '3'),
('2488', '6', '2'),
('2489', '6', '42'),
('2490', '6', '17'),
('2491', '6', '3'),
('2619', '2', '43'),
('2620', '2', '20'),
('2621', '2', '14'),
('2622', '2', '18'),
('2623', '2', '2'),
('2624', '2', '24'),
('2625', '2', '12'),
('2626', '2', '7'),
('2627', '2', '5'),
('2628', '2', '42'),
('2629', '2', '9'),
('2630', '2', '16'),
('2631', '2', '11'),
('2632', '2', '13'),
('2633', '2', '6'),
('2634', '2', '4'),
('2635', '2', '22'),
('2636', '2', '19'),
('2637', '2', '15'),
('2638', '2', '17'),
('2639', '2', '8'),
('2640', '2', '3'),
('2641', '1', '43'),
('2642', '1', '20'),
('2643', '1', '14'),
('2644', '1', '18'),
('2645', '1', '2'),
('2646', '1', '24'),
('2647', '1', '12'),
('2648', '1', '7'),
('2649', '1', '5'),
('2650', '1', '42'),
('2651', '1', '9'),
('2652', '1', '16'),
('2653', '1', '11'),
('2654', '1', '13'),
('2655', '1', '6'),
('2656', '1', '4'),
('2657', '1', '22'),
('2658', '1', '19'),
('2659', '1', '15'),
('2660', '1', '17'),
('2661', '1', '8'),
('2662', '1', '3');
UNLOCK TABLES;

-- Estructura de tabla para `rol_modulo_permisos`
DROP TABLE IF EXISTS `rol_modulo_permisos`;
CREATE TABLE `rol_modulo_permisos` (
  `id` int(11) NOT NULL AUTO_INCREMENT,
  `idrol` int(11) NOT NULL,
  `idmodulo` int(11) NOT NULL,
  `idpermiso` int(11) NOT NULL,
  `activo` tinyint(1) DEFAULT 1,
  `fecha_creacion` datetime DEFAULT current_timestamp(),
  `fecha_modificacion` datetime DEFAULT current_timestamp() ON UPDATE current_timestamp(),
  PRIMARY KEY (`id`),
  UNIQUE KEY `unique_rol_modulo_permiso` (`idrol`,`idmodulo`,`idpermiso`),
  KEY `idx_rol_modulo` (`idrol`,`idmodulo`),
  KEY `fk_rol_modulo_permisos_rol` (`idrol`),
  KEY `fk_rol_modulo_permisos_modulo` (`idmodulo`),
  KEY `fk_rol_modulo_permisos_permiso` (`idpermiso`),
  CONSTRAINT `fk_rol_modulo_permisos_modulo` FOREIGN KEY (`idmodulo`) REFERENCES `modulos` (`idmodulo`) ON DELETE CASCADE,
  CONSTRAINT `fk_rol_modulo_permisos_permiso` FOREIGN KEY (`idpermiso`) REFERENCES `permisos` (`idpermiso`) ON DELETE CASCADE,
  CONSTRAINT `fk_rol_modulo_permisos_rol` FOREIGN KEY (`idrol`) REFERENCES `roles` (`idrol`) ON DELETE CASCADE
) ENGINE=InnoDB AUTO_INCREMENT=5018 DEFAULT CHARSET=utf8mb4 COLLATE=utf8mb4_general_ci;

-- Volcado de datos para la tabla `rol_modulo_permisos`
LOCK TABLES `rol_modulo_permisos` WRITE;
INSERT INTO `rol_modulo_permisos` (`id`, `idrol`, `idmodulo`, `idpermiso`, `activo`, `fecha_creacion`, `fecha_modificacion`) VALUES ('4782', '5', '2', '3', '1', '2025-07-03 12:04:07', '2025-07-03 12:04:07'),
('4783', '5', '6', '3', '1', '2025-07-03 12:04:07', '2025-07-03 12:04:07'),
('4797', '3', '2', '4', '1', '2025-07-03 13:31:56', '2025-07-03 13:31:56'),
('4798', '3', '5', '1', '1', '2025-07-03 13:31:56', '2025-07-03 13:31:56'),
('4799', '3', '42', '4', '1', '2025-07-03 13:31:56', '2025-07-03 13:31:56'),
('4800', '3', '17', '1', '1', '2025-07-03 13:31:56', '2025-07-03 13:31:56'),
('4801', '3', '3', '8', '1', '2025-07-03 13:31:56', '2025-07-03 13:31:56'),
('4802', '3', '3', '5', '1', '2025-07-03 13:31:56', '2025-07-03 13:31:56'),
('4806', '6', '2', '4', '1', '2025-07-03 14:38:42', '2025-07-03 14:38:42'),
('4807', '6', '42', '4', '1', '2025-07-03 14:38:42', '2025-07-03 14:38:42'),
('4808', '6', '17', '1', '1', '2025-07-03 14:38:42', '2025-07-03 14:38:42'),
('4809', '6', '3', '4', '1', '2025-07-03 14:38:42', '2025-07-03 14:38:42'),
('4968', '2', '43', '8', '1', '2025-07-13 13:01:36', '2025-07-13 13:01:36'),
('4969', '2', '20', '8', '1', '2025-07-13 13:01:36', '2025-07-13 13:01:36'),
('4970', '2', '14', '8', '1', '2025-07-13 13:01:36', '2025-07-13 13:01:36'),
('4971', '2', '18', '8', '1', '2025-07-13 13:01:36', '2025-07-13 13:01:36'),
('4972', '2', '2', '8', '1', '2025-07-13 13:01:36', '2025-07-13 13:01:36'),
('4973', '2', '24', '8', '1', '2025-07-13 13:01:36', '2025-07-13 13:01:36'),
('4974', '2', '12', '8', '1', '2025-07-13 13:01:36', '2025-07-13 13:01:36'),
('4975', '2', '7', '8', '1', '2025-07-13 13:01:36', '2025-07-13 13:01:36'),
('4976', '2', '5', '8', '1', '2025-07-13 13:01:36', '2025-07-13 13:01:36'),
('4977', '2', '42', '8', '1', '2025-07-13 13:01:36', '2025-07-13 13:01:36'),
('4978', '2', '9', '8', '1', '2025-07-13 13:01:36', '2025-07-13 13:01:36'),
('4979', '2', '16', '8', '1', '2025-07-13 13:01:36', '2025-07-13 13:01:36'),
('4980', '2', '11', '8', '1', '2025-07-13 13:01:36', '2025-07-13 13:01:36'),
('4981', '2', '13', '8', '1', '2025-07-13 13:01:36', '2025-07-13 13:01:36'),
('4982', '2', '6', '8', '1', '2025-07-13 13:01:36', '2025-07-13 13:01:36'),
('4983', '2', '4', '8', '1', '2025-07-13 13:01:36', '2025-07-13 13:01:36'),
('4984', '2', '22', '8', '1', '2025-07-13 13:01:36', '2025-07-13 13:01:36'),
('4985', '2', '19', '8', '1', '2025-07-13 13:01:36', '2025-07-13 13:01:36'),
('4986', '2', '15', '8', '1', '2025-07-13 13:01:36', '2025-07-13 13:01:36'),
('4987', '2', '17', '8', '1', '2025-07-13 13:01:36', '2025-07-13 13:01:36'),
('4988', '2', '8', '8', '1', '2025-07-13 13:01:36', '2025-07-13 13:01:36'),
('4989', '2', '3', '8', '1', '2025-07-13 13:01:36', '2025-07-13 13:01:36'),
('4990', '1', '43', '8', '1', '2025-07-13 13:10:06', '2025-07-13 13:10:06'),
('4991', '1', '20', '8', '1', '2025-07-13 13:10:06', '2025-07-13 13:10:06'),
('4992', '1', '14', '8', '1', '2025-07-13 13:10:06', '2025-07-13 13:10:06'),
('4993', '1', '18', '8', '1', '2025-07-13 13:10:06', '2025-07-13 13:10:06'),
('4994', '1', '2', '8', '1', '2025-07-13 13:10:06', '2025-07-13 13:10:06'),
('4995', '1', '24', '8', '1', '2025-07-13 13:10:06', '2025-07-13 13:10:06'),
('4996', '1', '12', '8', '1', '2025-07-13 13:10:06', '2025-07-13 13:10:06'),
('4997', '1', '7', '8', '1', '2025-07-13 13:10:06', '2025-07-13 13:10:06'),
('4998', '1', '7', '1', '1', '2025-07-13 13:10:06', '2025-07-13 13:10:06'),
('4999', '1', '5', '1', '1', '2025-07-13 13:10:06', '2025-07-13 13:10:06'),
('5000', '1', '42', '8', '1', '2025-07-13 13:10:06', '2025-07-13 13:10:06'),
('5001', '1', '9', '8', '1', '2025-07-13 13:10:06', '2025-07-13 13:10:06'),
('5002', '1', '9', '1', '1', '2025-07-13 13:10:06', '2025-07-13 13:10:06'),
('5003', '1', '16', '4', '1', '2025-07-13 13:10:06', '2025-07-13 13:10:06'),
('5004', '1', '16', '1', '1', '2025-07-13 13:10:06', '2025-07-13 13:10:06'),
('5005', '1', '11', '4', '1', '2025-07-13 13:10:06', '2025-07-13 13:10:06'),
('5006', '1', '11', '1', '1', '2025-07-13 13:10:06', '2025-07-13 13:10:06'),
('5007', '1', '13', '8', '1', '2025-07-13 13:10:06', '2025-07-13 13:10:06'),
('5008', '1', '13', '1', '1', '2025-07-13 13:10:06', '2025-07-13 13:10:06'),
('5009', '1', '6', '8', '1', '2025-07-13 13:10:06', '2025-07-13 13:10:06'),
('5010', '1', '6', '1', '1', '2025-07-13 13:10:06', '2025-07-13 13:10:06'),
('5011', '1', '4', '8', '1', '2025-07-13 13:10:06', '2025-07-13 13:10:06'),
('5012', '1', '22', '8', '1', '2025-07-13 13:10:06', '2025-07-13 13:10:06'),
('5013', '1', '19', '8', '1', '2025-07-13 13:10:06', '2025-07-13 13:10:06'),
('5014', '1', '15', '8', '1', '2025-07-13 13:10:06', '2025-07-13 13:10:06'),
('5015', '1', '17', '1', '1', '2025-07-13 13:10:06', '2025-07-13 13:10:06'),
('5016', '1', '8', '8', '1', '2025-07-13 13:10:06', '2025-07-13 13:10:06'),
('5017', '1', '3', '8', '1', '2025-07-13 13:10:06', '2025-07-13 13:10:06');
UNLOCK TABLES;

-- Estructura de tabla para `roles`
DROP TABLE IF EXISTS `roles`;
CREATE TABLE `roles` (
  `idrol` int(11) NOT NULL AUTO_INCREMENT,
  `nombre` varchar(20) NOT NULL,
  `estatus` enum('activo','inactivo') NOT NULL,
  `descripcion` varchar(120) NOT NULL,
  `fecha_creacion` datetime NOT NULL,
  `ultima_modificacion` datetime NOT NULL,
  PRIMARY KEY (`idrol`)
) ENGINE=InnoDB AUTO_INCREMENT=7 DEFAULT CHARSET=utf8mb4 COLLATE=utf8mb4_general_ci;

-- Volcado de datos para la tabla `roles`
LOCK TABLES `roles` WRITE;
INSERT INTO `roles` (`idrol`, `nombre`, `estatus`, `descripcion`, `fecha_creacion`, `ultima_modificacion`) VALUES ('1', 'SuperAdmin', 'activo', 'nada', '2025-04-17 21:07:32', '2025-05-26 23:34:30'),
('2', 'Admin', 'activo', 'Administrador para pruebas de menor rango', '2025-04-17 21:07:32', '2025-07-03 12:02:39'),
('3', 'Vendedor', 'activo', 'Encargado de Ventas', '2025-05-26 23:31:23', '2025-05-26 23:41:54'),
('4', 'Prueba', 'inactivo', 'Rol de pruebass', '2025-06-15 21:30:09', '2025-07-03 14:32:56'),
('5', 'Encargado de compras', 'activo', 'Encargado de compras', '2025-07-03 12:03:10', '2025-07-03 12:03:10'),
('6', 'Encargado finanzas', 'activo', 'Registra compras, pagos y ventas', '2025-07-03 14:33:38', '2025-07-03 14:33:38');
UNLOCK TABLES;

-- Estructura de tabla para `usuario`
DROP TABLE IF EXISTS `usuario`;
CREATE TABLE `usuario` (
  `idusuario` int(15) NOT NULL AUTO_INCREMENT,
  `idrol` int(15) NOT NULL,
  `usuario` varchar(30) DEFAULT NULL,
  `clave` text NOT NULL,
  `token` text DEFAULT '""',
  `token_expira` datetime DEFAULT NULL,
  `estatus` enum('activo','inactivo') NOT NULL,
  `correo` varchar(100) NOT NULL,
  `personaId` int(11) DEFAULT NULL,
  `fecha_creacion` datetime NOT NULL DEFAULT current_timestamp(),
  `fecha_modificacion` datetime NOT NULL DEFAULT current_timestamp() ON UPDATE current_timestamp(),
  `token_exp` datetime DEFAULT NULL,
  PRIMARY KEY (`idusuario`),
  KEY `rolId` (`idrol`),
  KEY `personaId` (`personaId`),
  KEY `idx_token_expira` (`token_expira`),
  KEY `idx_token_limited` (`token`(50)),
  CONSTRAINT `usuario_ibfk_1` FOREIGN KEY (`idrol`) REFERENCES `roles` (`idrol`)
) ENGINE=InnoDB AUTO_INCREMENT=19 DEFAULT CHARSET=utf8mb4 COLLATE=utf8mb4_general_ci;

-- Volcado de datos para la tabla `usuario`
LOCK TABLES `usuario` WRITE;
INSERT INTO `usuario` (`idusuario`, `idrol`, `usuario`, `clave`, `token`, `token_expira`, `estatus`, `correo`, `personaId`, `fecha_creacion`, `fecha_modificacion`, `token_exp`) VALUES ('1', '1', 'SuperAdmin', '8c6976e5b5410415bde908bd4dee15dfb167a9c873fc4bb8a81f6f2ab448a918', '', NULL, 'activo', 'admin@gmail.com', '0', '2025-06-15 19:58:24', '2025-07-01 18:23:10', NULL),
('4', '6', 'Richard12', '9546fbd8d6d22d45c415aad46034d495f78ebff2afe7e4579f1a0fdf2dcf3ea1', NULL, NULL, 'activo', 'gilalejandro926@gmail.com', NULL, '2025-06-15 19:58:24', '2025-07-03 14:35:12', NULL),
('5', '2', 'AnaBarroeta', '8c6976e5b5410415bde908bd4dee15dfb167a9c873fc4bb8a81f6f2ab448a918', '', NULL, 'activo', 'anagraciabarroeta@yahoo.com.ve', NULL, '2025-06-15 19:58:24', '2025-07-01 16:49:08', NULL),
('6', '2', 'Richard', '8c6976e5b5410415bde908bd4dee15dfb167a9c873fc4bb8a81f6f2ab448a918', '', NULL, 'inactivo', 'richard@gmail.com', NULL, '2025-06-15 19:58:24', '2025-07-01 18:17:51', NULL),
('9', '2', 'ana gmail com', '$2y$10$6BmDPT3XOGLHVJW9sqxZZeBzAoiqoRW.eX8hRuaKxgWxz9/AeWe/a', '', NULL, 'activo', 'ana@gmail.com', NULL, '2025-06-15 19:58:24', '2025-07-01 19:33:30', NULL),
('12', '2', 'MariaPineda', '8c6976e5b5410415bde908bd4dee15dfb167a9c873fc4bb8a81f6f2ab448a918', '92304051ce36ebf210dde44e5552689fe385f8606d2f46571bedf0344799117f', '2025-06-30 15:48:07', 'activo', 'mariapinedabarroeta@gmail.com', '29624053', '2025-06-15 19:58:24', '2025-07-01 16:53:02', NULL),
('16', '2', 'Nuevo', '655e786674d9d3e77bc05ed1de37b4b6bc89f788829f9f3c679e7687b410c89b', '', NULL, 'activo', 'nuevo@gmail.com', '43', '2025-06-15 20:46:53', '2025-07-01 16:49:20', NULL),
('17', '2', 'ana luisa', 'd82494f05d6917ba02f7aaa29689ccb444bb73f20380876cb05d1f37537b7892', '', NULL, 'inactivo', 'analuisa@gmail.com', NULL, '2025-07-01 18:18:40', '2025-07-01 19:28:12', NULL),
('18', '3', 'Alejandro', '059a50ce956b7ec61527c7ecc0c55b5a009dc54ab4acddce8852b46baa2aba30', '2aecd9670afcc790a741390f1a6e154e86aa6a2b73e1a21f3877a44cd08b5d72', NULL, 'activo', 'gilalejandro2468@gmail.com', NULL, '2025-07-02 23:52:41', '2025-07-03 00:47:23', '2025-07-03 01:47:23');
UNLOCK TABLES;


SET FOREIGN_KEY_CHECKS = 1;
